Tweet id,Username,Tweet,Created Time,Timezone,Place,Country,Language,Hashtag,Label
1.65E+18,ThoudamYoihenb1,"Weapons brought under the pretext of a ""Peace Rally"" held by the Kuki Tribe. They started the agitation against the govt for eviction of the occupation in ""reserved forests"". #poppyplanters #ManipurOnFire #manipurisburning #PMOIndia  #NDTV #aajtak  #HindustanTimes #victimcard https://t.co/7eQzHP6DjZ",2023-05-03 20:31:04+00:00,,,,en,#victimcard,1
1.65E+18,MPhurailatpam,Now I can understand why the #Nagas #NSCN were trying trying to completely wipe out the #Kukis in 1993‚Ä¶it simply because #Kukis always start a war with other communities and play a #victimcard again later. It was a big mistake for #Meitei helping them. https://t.co/w3yjUPrBZk,2023-05-03 19:51:07+00:00,,,,en,#victimcard,1
1.65E+18,MPhurailatpam,Why all the videos shared by #Kuki people about #Manipur only talks in non-Indian languages like #Burmese #Kuki #Chin which simply proved they are spreading lies‚Ä¶ and playing #victimcard,2023-05-03 19:19:08+00:00,,,,en,#victimcard,1
1.65E+18,rraina1481,"#VictimCard from a #dynast whose party destroyed #Kashmir in every possible manner.
@SalmanSoz,yi #chaange' chali ne kenh woen !! https://t.co/Da93G4NW2f",2023-05-03 19:04:31+00:00,,,,en,#victimcard,1
1.65E+18,aruba02920022,"#FactCheck MANIPUR 
#VictimCard 

Stop sharing half baked info‚Ä¶.",2023-05-03 18:35:37+00:00,,,,en,#victimcard,1
1.65E+18,PiyushPattaiya,"@zoo_bear #VictimCard after #STSJ
#left extremist @zoo_bear, trying to gain sympath by playing #victimCard, after defending #Pakistan and #Muslim #extremist under the guise of #fact checking

Not #calling #out such community with #sick mentality is equivalent to #defending them",2023-05-03 17:47:02+00:00,,,,en,#victimcard,1
1.65E+18,Sanatan_Thought,"@NobelPrize @RanaAyyub Logic of an Islamic Journalist:

Islamic Countries should remain Islamic ( How dare you comment on them)

Rest of the world should be Secular 
?ü§¶?ü§¶?üòÇ

Otherwise we will play #Victimcard &amp; cry Islamophobia",2023-05-03 15:18:51+00:00,,,,en,#victimcard,1
1.65E+18,abhi_yoha,"@erbmjha @RanaAyyub Iska RR chalu. 

Rana - Women, Muslim, critic of gov.

UN - oh my god, how cud they ??? 

#RR #victimCard",2023-05-03 15:05:06+00:00,,,,en,#victimcard,1
1.65E+18,JayKay074,"All Indians carry an Adhaar Card, But our PM has carrying a super platinum #victimCard.

#CryBabyPM",2023-05-03 06:38:55+00:00,,,,en,#victimcard,2
1.65E+18,Headlines4You,Have you noticed?  Most #Democrats plead the #victimcard? https://t.co/hHk4MqQDi8,2023-05-02 12:37:18+00:00,,,,en,#victimcard,1
1.65E+18,SunjayJK,"@INCIndia @vijaythottathil @priyankagandhi #Feku who Hasn't done 1 +ve act for nation~only for itself n cronies, divided+weakened nation,
Its so-called infra's against science, sinks?üèîÔ?èstanding firm for 40mln yrs, rds heavily tolled
Reg uses #VictimCard, while Gandhis who lost 2 to terr0r NVR Do
@INCKarnataka @DKShivakumar",2023-05-02 10:10:03+00:00,,,,en,#victimcard,1
1.65E+18,NoLawForMen,"@RahulSRajput16 @cskkanu @realsiff @NyayPrayaas @vaastavngo @aditytiwarilive @BJP4India @BabitaPhogat @NCIBHQ @aajtak @sudhirchaudhary @Dr_Uditraj Y No arrest til date?
Bcz already a committee, headed by @MangteC has given report tht allegations r false
https://t.co/JsANzes5iy
Post tht, protesters hv changed thr stance
Nw playing #VictimCard using #GenderBiasedLaws
So if u read btwn lines, Its fishy 4m protesters' sid",2023-05-02 08:03:33+00:00,,,,en,#victimcard,2
1.65E+18,Mystic_VJ,"@tanolipak @Nationalist2575 WORK FOR YOUR BREAD AND BUTTER INSTEAD OF LOOTING, BEGGING, AND TROUBLING OTHERS. HAVE SOME SELF RESPECT. 
#VictimCard 
#Hinduphobic 
#HindusLivesMatter",2023-05-02 07:30:49+00:00,,,,en,#victimcard,1
1.65E+18,rajneeshagraw13,"https://t.co/LDsHqlmZ3U
@DeepakSEditor #Modi on backfoot now n playing #victimcard 
Statewise analysis of BJP prospects by @DeepakSEditor 
Pl watch 
#GodiMedia won't tell this reality",2023-05-01 22:06:17+00:00,,India,India,en,#victimcard,2
1.65E+18,BakraofDv,"#Easylife of Indian #Wymen #Wives.

Marry a #Men
Treat Him with Utmost #Cruelty
Make his life hell
When he fed up
Start playing #RR
Start Swiping #WomenCard #VictimCard
File #FalseCase on him
Trap his #Parents &amp; #Relatives

Cry for #Alimoney

#GenderBiasedLaws 
#mentoo 
#Beggers https://t.co/94KhN5YD8U",2023-05-01 16:17:05+00:00,,,,en,#victimcard,1
1.65E+18,Dharmaatica,".@PriyankKharge is not wrong! 

Nalayak means Incompetent! So it is not abuse but a statement of Fact to describe the most incompetent PM in Indian history! 

IT cell &amp; #GodiMedia are trying to play #VictimCard to win a lost election!

@_pallavighosh didi - Chalo! Begin the Spin!",2023-05-01 12:28:44+00:00,,,,en,#victimcard,2
1.65E+18,RYK_9,"@DaveAtherton20 Not worth the risk David, one knife is all it takes, 

Youngsters watching this, don‚Äôt do this, walk away, there‚Äôs better ways of getting it done, elect the right people, formulate better laws,

Be smart. 

They play the long game, you better learn,
They have the #VictimCard too.",2023-05-01 10:48:05+00:00,,,,en,#victimcard,2
1.65E+18,BakraofDv,"@ShoneeKapoor Proud Moment 
Our #Wymen Tops in Watching P@rn

- No. 1 in #FalseCase 
- No. 1 in #AlimonyScam
- No. 1 in #Extortion 
- No. 1 in #RR
- No. 1 in #WomenCard
- No. 1 in K!||!ng #husbands
- No. 1 in #MisusingLaws
- No. 1 in #POSHMisuse
- No. 1 in #GharKalesh
- No. 1 in #VictimCard",2023-05-01 10:04:09+00:00,,,,en,#victimcard,2
1.65E+18,LavinaSolomon,@_pallavighosh #PMModi plays the #victimcard &amp; cries AND so-called #journalists #GodiMedia help pave the way for his drama,2023-05-01 09:32:07+00:00,,,,en,#victimcard,2
1.65E+18,BakraofDv,"@S972605 Yes that's the Point ""THICK &amp; THIN TOGETHER"" you just gave the answer.

&amp;
In reference to The Original Tweet :

- Keep filing #Falsecases doesn't make them right either. Let them also cry #VictimCard #WomenCard Daily !!! Let them ruin themselves ?ü§ó?ü§ó",2023-05-01 09:00:24+00:00,,,,en,#victimcard,2
1.65E+18,Pramodg1947,"@egiye_bangla #egiyebangla Whom should we approach?
#corruption #pukurchuri #malpractice #illegal #victimcard #lawless #duaresarkar #duarecorruption #appeasementpolitics #rampurhat",2023-05-01 08:22:08+00:00,,,,en,#victimcard,2
1.65E+18,FekuBuster,"No hate.
Only pity.

When will this 56 inch stop playing #VictimCard and gain some self-confidence?

When will he overcome his insecurities and inferiority complex? https://t.co/iRt4PZfDfK",2023-05-01 00:14:12+00:00,,,,en,#victimcard,2
1.65E+18,fiftysixkabaap,"@_pallavighosh He probably organized it himself. Otherwise, culprit should‚Äôve been caught &amp; heads in the SPG &amp; police would‚Äôve rolled by now.  Any real journalist worth their profession would‚Äôve asked questions that matter. But then again, you are #GodiMedia. #VictimCard #securitybreach",2023-04-30 16:53:10+00:00,,,,en,#victimcard,2
1.65E+18,Mohan08417213,"Slipper shot. 
@narendramodi , #VictimCard narratives bei built by dirty tricks, #GodiMedia 
public ko muh dikhane layak nhi choda. 
@BJP4India @RSSorg 
@amitmalviya 
@OpIndia_com 
@ANI , @aajtak @TimesNow @CNNnews18 @ZeeNews @republic @ABPNews ... https://t.co/v0FKErcjiC",2023-04-30 15:23:24+00:00,,,,en,#victimcard,2
1.65E+18,SunjayJK,"@Shaina43615028 @BhavikaKapoor5 ""#91abuses"" of #VictimCard Jeevi:

In the modern era) #Hitler, #Nazis, #Goebbels, #Mussolini &amp; Co are the idols of (around 3500 year old, #WorldHistory's most damaging gang who conjured #Caste n other #JaduTona) R?üßü‚Äç‚ôÇÔ?è?üßü‚Äç‚ôÇÔ?è #AntiNational Henious Criminal #Fekus

via @vijaythottathil https://t.co/rZCU9PV582",2023-04-30 13:38:37+00:00,,,,en,#victimcard,2
1.65E+18,Raste_Ka_Aadmi,@zoo_bear @MEAIndia @MOS_MEA @DrSJaishankar @IndembAbuDhabi Damn... you can't  even play the age old #VictimCard,2023-04-30 11:57:35+00:00,,,,en,#victimcard,2
1.65E+18,johnson63866214,"@iankap_paul After #VictimCard is used, are you guys afraid that a NHRC's chairman will end up with a Meitei card? #communal #hilarous 

BTW, what do you mean by the Meitei card which you mentioned here? ?üôÉ",2023-04-30 10:31:43+00:00,,,,en,#victimcard,2
1.65E+18,mpostdigital,"PM raising 'tired themes' in Karnataka, people will vote for Cong's guarantees: Ramesh #Congress #NarendraModi #VictimCard #DoubleEngineGovernment #MallikarjunKharge #JairamRamesh #YogiAdityanath https://t.co/SeLQBLWP65",2023-04-30 09:49:07+00:00,,,,en,#victimcard,2
1.65E+18,BakraofDv,"@sredits Women can't anything without 
- #VictimCard
- #WomenCard",2023-04-30 08:28:00+00:00,,,,en,#victimcard,2
1.65E+18,pavan_sethi,"#AnpadhPM - ""MUMMY isne mele ko gaali di "" ?üò?

#Nautanki #DramaQueen PM abuses others incessantly.

 Next #VictimCard = #JaanKoKhatra 

@AamAadmiParty https://t.co/5uY3dF78EN",2023-04-30 06:56:23+00:00,,,,en,#victimcard,2
1.65E+18,FekuBuster,"When all cards fail, flash the #VictimCard

Old Shakha saying. https://t.co/AcLQtZrF4g",2023-04-30 00:48:28+00:00,,,,en,#victimcard,2
1.65E+18,f3arl3ssIndian,"@RDXThinksThat @Phogat_Vinesh @sangeeta_phogat @SakshiMalik @geeta_phogat @BajrangPunia @b_bhushansharan RDX - they know hat in such cases, they just have to level allegations playing the famous #VictimCard. Now, interesting enough that the accused has to prove innocence or face the wrath",2023-04-29 15:09:58+00:00,,,,en,#victimcard,2
1.65E+18,LavinaSolomon,@sambitswaraj @narendramodi Why does modi always play the #victimcard? Getting tired of his drama,2023-04-29 11:16:18+00:00,,,,en,#victimcard,2
1.65E+18,BubnaNikunj,"Baby Doll again playing #VictimCard 

Vote for my useless corrupt 40% Govt just because they abused me ?üôÜ?üôÜ‚Äç‚ôÄÔ?è?üôÜ‚Äç‚ôÇÔ?è https://t.co/r6bEktCvjt",2023-04-29 08:21:40+00:00,,,,en,#victimcard,2
1.65E+18,Hindu_R_Ashtra,"@RanaAyyub Yeah, keep crying on world forums...
as if this RR will trigger Amrican chacha (uncle Sam) &amp; will save ur G-hadi fellows for law violations ?üòÄ?üòÄ

#Victimcard khelna koi seekhe inse....!!",2023-04-29 03:01:40+00:00,,,,en,#victimcard,2
1.65E+18,ConservTrav23,"Which I pay for every month. 

Serious Buyers Only! 

#whiteprivilege 
#VictimCard",2023-04-29 00:36:35+00:00,,,,en,#victimcard,2
1.65E+18,pkillam,"Whenever the #GrifterGOP plays the #VictimCard:

#Resist https://t.co/cXwRi4oGie",2023-04-28 22:36:48+00:00,,,,en,#victimcard,2
1.65E+18,adarshk84,"@BJP4Karnataka Post the Medical Report also so that the people can confirm he suffered injuries in the so called ""BRUTAL"" attack. #VictimCard
#DoubleEngineInReverseGear",2023-04-28 11:02:51+00:00,,,,en,#victimcard,2
1.65E+18,Vaibhavss,"@minicnair I am a 'misogynistic Aryan Brahmin"" who wants to ""oppress"" everyone.

#victimcard #marxismisascam https://t.co/k7VF07epgs",2023-04-28 05:40:00+00:00,,,,en,#victimcard,2
1.65E+18,LavinaSolomon,@PTI_News #VictimCard again by narendra damodar,2023-04-28 05:39:37+00:00,,,,en,#victimcard,2
1.65E+18,right2men,"@AdvAshutoshBJP Women will never leave their #Victimcard Play.

#Simp Men will go to protect themselves and get ass* burned 

#FalseCases",2023-04-28 04:57:51+00:00,,,,en,#victimcard,2
1.65E+18,saviour_era,"@kanyakuvari All the girls reading this, hope you understand.. . Why they create sympathy at the beginning.

#CriminalWomen must be equally punished to expose  #VictimCard scam. https://t.co/JsmMIq7wYo",2023-04-27 20:55:07+00:00,,,,en,#victimcard,2
1.65E+18,Pramodg1947,"Whom should we approach ??@AnubrataAITC @MamataOfficial @FirhadHakim @abpanandatv @Zee24Ghanta @DrAsishBanerje1 @BirbhumPolice @DM_Birbhum @AITCSanghamitra
#corruption #malpractice #illegal #victimcard #duaresarkar #victimcard #duarecorruption #rampurhat #westbengal #landgrabbing",2023-04-27 16:26:38+00:00,,,,en,#victimcard,2
1.65E+18,AzKELLYcom,"Look at me!  
I'm playing the #VictimCard card for fundraising and personal gain.

#Wokanomics Demand RE-education and redefine Words like ""Democracy"" https://t.co/kbqISpnN1G",2023-04-27 16:01:23+00:00,,,,en,#victimcard,2
1.65E+18,Pramodg1947,"@DrAsishBanerje1 @MamataOfficial @MahuaMoitra @DGPWestBengal @CMOfficeWB @AITCofficial @abhishekaitc @DuareSarkar @Zee24Ghanta &amp; Administration have pledged not to even follow or honour court orders . Madam CM take a note how the clean image of ur's is getting tarnished
#corruption #malpractice #illegal #victimcard #lawless #duaresarkar #duarecorruption #appeasementpolitics",2023-04-27 13:59:22+00:00,,,,en,#victimcard,2
1.65E+18,MonicaReddy_,"@IAMCouncil @BJP4India Wah re @IAMCouncil, you don't complain on a book that sanctions culling of #Kafirs &amp; #Jihad on them (includes #Christians too?) but when those proud #Kufr rise for self-defense because you ask for their heads, their lands, their women, their nation, you play the #VictimCard??üòÇ https://t.co/SWAEiJahQg",2023-04-27 04:40:56+00:00,,,,en,#victimcard,2
1.65E+18,goldfishn006,"@RanaAyyub @freepressunltd Does @unescoUSA know abt Ur scam?how fradulently u collected nearly 30million frm(innocent Hindu)public on d name of covid relief &amp; help farmers?? &amp; instead U laundered tht money tocreate personal assets, f.d. &amp; send to ur begger family members #victimcard #topfreeloadersofIndia",2023-04-26 21:21:44+00:00,,,,en,#victimcard,2
1.65E+18,meDeepu1,"1 more example of #VictimCard

C'mon ‡§¨‡•á‡§ö‡§æ‡§?‡§æ ‡§¨‡§®‡§®‡§æ ‡§¨‡§Ç‡§¶ ‡§ï‡§?‡•ã ?üôè
I don't understand why most girls on @Twitter keep ranting like this.

The ground-reality is completely different,many innocent boys are in jail  on false/baseless allegations of harassment.
Reason:
#WomanFriendlyLaws https://t.co/098Mj43pS9",2023-04-26 11:14:57+00:00,,,,en,#victimcard,2
1.65E+18,sanjutewari,"@ArvindKejriwal #victimcard any way, best wishes to her https://t.co/Xz0i4ZJb1W",2023-04-26 09:05:35+00:00,,,,en,#victimcard,2
1.65E+18,meDeepu1,"Dear girls,same is applicable on you also.
Stop playing #VictimCard as usual. https://t.co/bqHRHYyqsC",2023-04-26 06:32:23+00:00,,,,en,#victimcard,2
1.65E+18,HistoricalGem,@ashajadeja325 @dalitdiva @EqualityLabs is funded by @OmidyarNetwork @pierre owned @newmediaventure. She is just playing #VictimCard since @UCBerkeley  https://t.co/YtS6kGyroz,2023-04-26 00:34:14+00:00,,,,en,#victimcard,2
1.65E+18,Snuffle16106950,"@char_lee23 Boo bloody hoo Lidia Thorpe!!! You should‚Äôve known better : Don‚Äôt dish it  out if you can‚Äôt take what‚Äôs dished back to you in return!! 
#VictimCard",2023-04-25 23:14:40+00:00,,,,en,#victimcard,2
1.65E+18,secret007au,"@SkyNewsAust Self-inflicted lydia you are dishing out  hate yet you wonder why others are frustrated with your behaviour
You only get attacked  if you if you putting  yourself on others as you did other day provocation has accountability 
2 way st
#victimcard is expiring 
#weareallaustralians",2023-04-25 12:34:55+00:00,,,,en,#victimcard,2
1.65E+18,YogicSadhika,"@erbmjha @imMAK02 Ab ye bhaukega...They got nothing to do with #Islam.
Jaise har baar terror bomb blast ke baad cover up karte hai..

#VictimCard #RadicalIslamicTerrorism  #HindusUnderAttack",2023-04-25 10:52:29+00:00,,,,en,#victimcard,2
1.65E+18,Snuffle16106950,"@australian Look in the mirror @SenatorThorpe!!! You are what you accuse people  as your own father your who‚Äôs your own blood thinks you are very  ‚ÄúRacist‚Äù!!! #KettleMeetPot  #VictimCard

https://t.co/vI2TIawOw0",2023-04-25 09:54:59+00:00,,,,en,#victimcard,2
1.65E+18,LavinaSolomon,@ndtv Did anyone see said threat letter? #VictimCard again by @narendramodi,2023-04-25 06:48:41+00:00,,,,en,#victimcard,2
1.65E+18,tazchiefpu,"@MarioNawfal Don Lemon ?üçã is now playing the #victimcard‚Ä¶ of course he is, how so typical‚Ä¶ ?üôÑ?üòí",2023-04-24 21:20:47+00:00,,,,en,#victimcard,2
1.65E+18,PhoenixEagleLaw,"@aajtak Daily Lakhs of Indians change homes- some get transferred, some fired, some switch jobs. What's so special about #RahulGandhi vacating his government given bungalow!? It wasn't his to keep 4 life! Every time an MP loses election, s/he vacates the house. Why play the #victimcard!?",2023-04-24 17:38:04+00:00,,,,en,#victimcard,2
1.65E+18,Karan_DX99,"They / Them? Are you #genderfluid? ?üòà

What the bloke did was bad, no doubt. What you've done is worse - playing the #victimcard &amp; garnering #sympathy. Looking for a #pityparty
?üò?

Just another feeble attempt to be relevant ?üòâ

Sad, truly. Learn from #OnlyFansGirl #onlyfansbabe https://t.co/VzlMEm3TMb https://t.co/ImflKWsYTa",2023-04-24 16:24:30+00:00,,Dubai,United Arab Emirates,en,#victimcard,2
1.65E+18,JeffJun80346519,@CountryBelle1_ #RaceCard is overused &amp; most often a cover for #Crime - to continue? These folks promote #CopyCatCrime - until they are the #Victim - then they play the #VictimCard? Understand?,2023-04-24 15:10:09+00:00,,,,en,#victimcard,2
1.65E+18,anuragvenkat1,@ZeeNews @DChaurasia2312 Always #victimcard,2023-04-24 12:35:20+00:00,,,,en,#victimcard,2
1.65E+18,CraigManoukian,#BanIslam #BanShariaLaw #BewareTaqiyya the Quran Hadith and Sira are the Trilogy of Terror #WakeUpAmerica ?ü§¨?ü§¨?üëá?ü§¨?ü§¨ https://t.co/0rps6aH8qB,2023-05-03 17:41:33+00:00,,,,en,#BanIslam,1
1.65E+18,Islamic_Iraq_,"Absolutely demoslished this Islamophobe in a debate yesterday and got blocked ?üò??üò??üòÇ
#banislam #islamophobia #islam #ummah https://t.co/NsVAyRXqHD",2023-04-30 21:57:30+00:00,,,,en,#BanIslam,1
1.65E+18,AmitSin21033373,"@bastin_geoff @AmyMek @PastorFlaps0k Not sure which Islaam you read, come to India &amp; read Hinduism &amp; then decide about Islam.
Islam has never been a peaceful community since its origin. All they want is a blood bath and concur the whole world and behave shameful activity with ladies of different cultures.
#BanIslam",2023-04-30 02:40:45+00:00,,,,en,#BanIslam,1
1.65E+18,Islamic_Iraq_,I think it's enough embarrassment for @landofsorrows that he claims a 'britain first' agenda while opposing an alcohol ban despite alcohol taking billions out of UK economy and supports  '#banislam' when Muslims contribute billions to UK economy including probably his benefits ?üò?,2023-04-29 11:53:15+00:00,,,,en,#BanIslam,1
1.65E+18,landofsorrows,"@flufficat #banIslam I want them all gone. All of them. I'm sick of it now it's taking the piss. I'm sick and tired of reading more and more horrific articles, seeing horrific videos of muslim men treating women like stray dogs. Get them all out",2023-04-28 21:23:14+00:00,,,,en,#BanIslam,1
1.65E+18,landofsorrows,"There is a horrific video online of a 19 year old female student stoned to death in public, in Iraq (still quite not sure) for dancing indecently in the street (her hair was uncovered) all the people throwing the stones are men. Is this what you want for our country? #banIslam",2023-04-28 21:21:22+00:00,,,,en,#BanIslam,1
1.65E+18,Saulgoo00307032,@yalding1666 You can smell the bullshit in everywhere #BANISLAM,2023-04-25 14:11:44+00:00,,,,en,#BanIslam,1
1.65E+18,Saulgoo00307032,"@MayorofLondon 
What are your thoughts on MUHAMMAD MUSTAFA DARR one of your lot pillaging the dead as only your lot know how.#SACKKHAN #BANISLAM",2023-04-24 13:28:40+00:00,,,,en,#BanIslam,1
1.65E+18,brony_veikkoni,"@FamilyMan_berl_ It already is. They're calling it the 5th wave of Feminism.
I call it the 5th stage of terminal cancer.
#FeminismIsCancer",2023-05-03 19:23:14+00:00,,,,en,#FeminismIsCancer,1
1.65E+18,ToBeem2,"@KimFawcett11 great to have you follow - I hope I enlighten you to turn from the evil that is #Feminism &amp; to the path of #egalitarianism 

#FeminismIsCancer",2023-05-03 18:20:45+00:00,,,,en,#FeminismIsCancer,1
1.65E+18,nothimagain_84,Many women play the victim so well and fail to take personal responsibility for their lives. #feminismiscancer,2023-05-03 16:50:00+00:00,,,,en,#FeminismIsCancer,1
1.65E+18,BillColeman106,"When #Feminism denies #ParentalAlienation mothers &amp; children are Acceptable Collateral Damage 

#FeminismIsCancer TRUTH 

#DadsMatter https://t.co/xPgKDhvMlU",2023-05-03 16:31:34+00:00,,,,en,#FeminismIsCancer,1
1.65E+18,BillColeman106,"@SheraFamily admitting in their own words to being in the #ChildAbuse business &amp; supporting &amp; promoting #ChildAbduction 

#HagueConvention #ParentalAlienation #FamilyCourt #FeminismIsCancer #RadFem #RadFems #SheraFamily https://t.co/MET9XFkLOH",2023-05-03 16:28:13+00:00,,,,en,#FeminismIsCancer,1
1.65E+18,BillColeman106,"The #HagueConvention is ONLY about saving children from abductors &amp; NEVER about returning children to an abuser - the abuser IS the abductor 

#DrSonjaAyebKarlsson #KimFawcett #FiliAHagueMums 

#ParentalAlienation #FamilyCourt 

#FeminismIsCancer #RadFem #RadFems https://t.co/A9m0kOrAE9",2023-05-03 16:23:32+00:00,,,,en,#FeminismIsCancer,1
1.65E+18,Rads0071,"When crime is committed by woman then wording of headline gets tweaked to ""Passenger"" but if the gender were reversed the headline would hve been ""Man"" eats. This goes on 2 show the level of gynocentrism &amp; appeasement in d name of empowerment
#womenempowerment 
#Feminismiscancer https://t.co/M9JQs7xWh3",2023-05-03 16:07:50+00:00,,,,en,#FeminismIsCancer,1
1.65E+18,BillColeman106,"Who publicises this? I'll #Mansplain - a self serving #ManHater #feminist - aka @DrProudman

Void of ethical moral &amp; intellectual values #DrProudman is a #PrivilegedWhiteWoman who has NOTHING better to say or do

#ParentalAlienation #FamilyCourt #FeminismIsCancer #RadFem #RadFems https://t.co/gz1F4avDGD",2023-05-03 15:51:24+00:00,,,,en,#FeminismIsCancer,1
1.65E+18,Kabeers52809590,#feminismiscancer. Just reverse the gender and you will see PPL like maliwal going berserk and millions of tweets on how Indian is not safe for women? Truth is India is not safe for men anymore. #GenderBiasedLaws https://t.co/xbfzqcL2YR,2023-05-03 15:20:09+00:00,,,,en,#FeminismIsCancer,1
1.65E+18,gohilpradeep,"@narendramodi Do u even Know How Many Husband's have Committed Suicide, How Many Families Have been destroyed by #GenderBiasedLaws No Vote For Useless #FeminismIsCancer #EkamSanatanBharat",2023-05-03 14:34:00+00:00,,,,en,#FeminismIsCancer,1
1.65E+18,antithesis_N,"let all the ho# see @aquamanmovie 2. if amber heard on this, we ain't buy tickets.

#mgtow
#FeminismIsCancer 
#MeToomovement 

men should have standards. all the laws are in the favor of ho#.",2023-05-03 10:14:42+00:00,,,,en,#FeminismIsCancer,1
1.65E+18,parth_gurukul,"@jyotiTpandey05 #FeminismIsCancer Cancer @dna
Jago @ZeeHindustan_  Paid Media @republic @TNNavbharat 
Please Save MaBharati ‚ôÄÔ?è Innocent Sons ‚ôÇÔ?è from @aajtak Devil ?üëø @smritiirani 
@M_Lekhi
Supnekha Putana Holika etc.
@AnubhavMohanty_ @NCMIndiaa @PurushAayogIN @voiceformenind @MenTooRHuman https://t.co/lMhHkT8qeh",2023-05-03 09:59:01+00:00,,,,en,#FeminismIsCancer,1
1.65E+18,AnantSh27925405,"This is called Twerking, which these girls are doing all over the train. These are the values young girls are learning from #Feminism. Is this what #WomenEmpowerment is for? #FeminismIsCancer https://t.co/oXHwETMwoO https://t.co/ThMJNFlleD",2023-05-03 09:55:25+00:00,,,,en,#FeminismIsCancer,1
1.65E+18,Sahodar_Deepak,"I am not a supporter of these feminists. However, there is a lot of inequality that exists in the society that needs to be mended through upbringing and not corporate  programs/so called activists.  #FeminismIsCancer",2023-05-03 09:21:00+00:00,,,,en,#FeminismIsCancer,2
1.65E+18,quit_hypocrisy,"Motherhood is great.
But why the chappal on 
table???ü§î?ü§î

#FeminismIsCancer https://t.co/TncjjSXRNH",2023-05-03 08:55:34+00:00,,,,en,#FeminismIsCancer,1
1.65E+18,pramitsantra,"I'd rather watch MICHAEL BAY's SEXY 4 films-10 times, rather than watching the FEMINIST UGLINESS, FemiNAZI Cukbois are making today. 

( I say BAY made 4 SEXY films Coz the 5th was heavily influenced by Feminist DOGMA in Holiwood as well)
@ParamountMovies #FeminismIsCancer https://t.co/XpeVcF0qQk",2023-05-03 04:58:49+00:00,,,,en,#FeminismIsCancer,1
1.65E+18,pramitsantra,"TRANSFORMERS:RISE OF UGLY FEMINISTS
Before Feminism | During Feminism | After Feminism

D fact that Men around the world didn't see how absurdly Feminist the Bumblebee film was,shows you how much FemiNAZI indoctrination has already been done.
@ParamountMovies   #FeminismIsCancer https://t.co/LBfzC0lWL0",2023-05-03 04:54:07+00:00,,,,en,#FeminismIsCancer,2
1.65E+18,MenRights_,"@MLJ_GoI @LabourMinistry @KirenRijiju @spsinghbaghelpr @MIB_India @PIB_India @pib_law @mygovindia @RijijuOffice @moslaw23 Hello @MLJ_GoI

What about discriminatory #GenderBiasedLaws?
Aren't you in violation of the Constitution of India?

#mentoo
#FeminismIsCancer",2023-05-03 03:37:51+00:00,,,,en,#FeminismIsCancer,2
1.65E+18,ZindaChaotic35,"India the same news would read like

Loneliness now a health pandemic in India: 1 out of every 4 people affected is WOMEN

Govt. assures to sanction 200+ crore in ""ladli behna ab akele mat rehna"" yojna

Budget to increase every year

Agree ?

#FeminismIsCancer https://t.co/TRuCE4jys4",2023-05-03 02:10:08+00:00,,,,en,#FeminismIsCancer,2
1.65E+18,adil_speaks_,"The feminist movement taught women to see themselves as victims of an oppressive patriarchy. ... Self-imposed victimhood is not a recipe for happiness.

#FeminismIsCancer",2023-05-03 02:05:51+00:00,,,,en,#FeminismIsCancer,2
1.65E+18,MuhsinS50889982,"@hodgetwins #FeminismisCancer
Misogyny? More like Pissogyny!!!",2023-05-03 01:48:22+00:00,,,,en,#FeminismIsCancer,2
1.65E+18,CBTweets4U,"Is there anything more arrogant than the ""modern"" female? They think they can go against the very systems that allows them to live the privileged lives they now enjoy. THEY THINK THEY KNOW BETTER! LMAO #Feminism #FeminismIsCancer #ModenWomen #RedPill",2023-05-03 01:30:33+00:00,,,,en,#FeminismIsCancer,2
1.65E+18,BillColeman106,"#DrProudman NEVER uses research because there isn't any that support her fake #Feminism narratives 

#FeminismIsCancer #RadFem #RadFems #DomesticViolence #DomesticAbuse #VAWG https://t.co/L8tB1r82V3",2023-05-02 23:29:22+00:00,,,,en,#FeminismIsCancer,2
1.65E+18,AmaruErnesto22,"Feminist liberal ""Albanian"" admitted herself that she is on Serbia's payroll, i always knew these Albanian feminists and liberals are always on Serbia's payroll to divide and destroy Albanians. 

#LiberalismIsAMentalDisorder 
#FeminismIsCancer 
#SerbiaIsATerroristState https://t.co/FiF2yaUxrF",2023-05-02 21:02:58+00:00,,,,en,#FeminismIsCancer,2
1.65E+18,fernandoluis278,@DevRev0 @DubKing32 @Emmmyalluu @DailyLoud Funny you don't know the definition of misogyny while trying to argue there's something wrong with my English?üòÇ?üòÇ. #FeminismIsCancer,2023-05-02 20:48:06+00:00,,,,en,#FeminismIsCancer,2
1.65E+18,Kabeers52809590,Men should just leave this God forbidden country. It appals to see the level to which women can stoop. Shame on all of us. #FeminismIsCancer #genderneutrallaws are need of the hour https://t.co/d8v20kuBmE,2023-05-02 19:17:36+00:00,,,,en,#FeminismIsCancer,2
1.65E+18,Kabeers52809590,If we are talking about women empowerment and equality then why are women being given preferential treatment. #feminismiscancer #notmycji https://t.co/XoeGSvZ8gO,2023-05-02 19:15:07+00:00,,,,en,#FeminismIsCancer,2
1.65E+18,KennethJolivet,"@annalouiesuss No...extremely high, crazy, unreasonable Expectations and #FeminismIsCancer are driving women to freeze their eggs ?ü•ö
@guardian",2023-05-02 19:13:35+00:00,,,,en,#FeminismIsCancer,2
1.65E+18,dwamsart,"SMH

#FeminismIsCancer in entertainment that needs to be removed. 

https://t.co/pI3EovbMqH",2023-05-02 18:50:21+00:00,,,,en,#FeminismIsCancer,2
1.65E+18,MariaSaleem816,"Stop brainwashing yourself through this feminist agenda, and rather use your rationale to think logically, analyze the facts and make an adequate decision.
#FeminismIsCancer 
#Feminism",2023-05-02 17:39:16+00:00,,,,en,#FeminismIsCancer,2
1.65E+18,EkUrdustani,Seeing tweets of so called Muslim girls of subcontinent I feel like Dajjal has already arrived and successful in luring these miserable folks! Allah hifazet farmaye! #FeminismIsCancer #FitnaDajjal,2023-05-02 17:05:12+00:00,,,,en,#FeminismIsCancer,2
1.65E+18,OmkaraRoots,"When #men are there only to pay #tax and #family or #father mean nothing than #Fatherless #society as a new wave of #feminism #tactic will arise and Men will choose other option of #Artificial Insemination to carry their family

#FeminismIsCancer #MenToo #Passport #DelhiHighCourt https://t.co/ES435mcN2c",2023-05-02 16:11:13+00:00,,,,en,#FeminismIsCancer,2
1.65E+18,OmkaraRoots,"#Men do not get enough #appreciation for what they're doing?üôÜ‚Äç‚ôÇÔ?è

#Women, #Liberals, #Intellectuals, #Communists, #NGOs, #Feminists and #Academecians take this for granted, trying to #oppress men in the name of #equality

#FeminismIsCancer #MenToo #GenderBiasedLaws #IndianJudiciary https://t.co/jWQVmtayJP",2023-05-02 15:45:19+00:00,,,,en,#FeminismIsCancer,2
1.65E+18,OmkaraRoots,"A real women goes out of the way to help the other and that is called pure soul with Kindness‚ù£Ô?è

Note | Kindness is not equal to brainer ?üôÜ‚Äç‚ôÇÔ?è

#women #help #soul #Kindness #brain #FeminismIsCancer #MenToo #GenderBiasedLaws https://t.co/qWL0doib64",2023-05-02 15:34:27+00:00,,,,en,#FeminismIsCancer,2
1.65E+18,BillColeman106,"Yet another #FalseRape #Suicide victim because of #ToxicFeminism fake #Feminism narratives

#FakeRape #RapeCulture #MeToo 

#WrongfullyConvicted #WrongfulConviction 

#FamilyCourt #ParentalAlienation #HagueConvention 

#FeminismIsCancer #RadFem #RadFems https://t.co/LaRQB7Ti0v",2023-05-02 15:25:22+00:00,,,,en,#FeminismIsCancer,2
1.65E+18,englishbounder,"For all children being raised by a single mum. Take heed, some good sage advice.

#mothers #feminists #misandry #FeminismIsCancer #misandrists #manosphere https://t.co/0pKOQYndDh",2023-05-02 14:40:17+00:00,,,,en,#FeminismIsCancer,2
1.65E+18,Sahodar_Deepak,"I am not a supporter of these feminists. However, there is a lot of inequality that exists in the society that needs to be mended through upbringing and not corporate  programs/so called activists.  #FeminismIsCancer",2023-05-02 09:21:18+00:00,,,,en,#FeminismIsCancer,2
1.65E+18,Vm524352372,"Dear #BJP .... 
#feministforeignpolicy #FeminismIsCancer https://t.co/49ce0W4Fa6",2023-05-02 09:14:32+00:00,,,,en,#FeminismIsCancer,2
1.65E+18,ToBeem2,"@DrProudman @LBC @_NatashaDevon @stellacreasy Same goes for @_NatashaDevon @LBC - just unconscionable 

#FeminismIsCancer #RadFem #RadFems 

https://t.co/bR3ppDByzX",2023-05-02 08:43:50+00:00,,,,en,#FeminismIsCancer,2
1.65E+18,BillColeman106,"I'm NOT an MRA but #ColinMurray &amp; #BBC5Live should be ashamed of themselves allowing such a hideous heinous &amp; repugnant vile human to spread her fake #Feminism narratives uncontested with impunity - SHAME on all involved 

#FeminismIsCancer #RadFem #RadFems https://t.co/szxtIaqubX",2023-05-02 08:38:42+00:00,,,,en,#FeminismIsCancer,2
1.65E+18,BharatiyaMen,"LOGIC?
#Feminism #FeminismIsCancer #Men #MenRightsAreHumanRights https://t.co/yUN1UXM1tj",2023-05-02 07:58:00+00:00,,,,en,#FeminismIsCancer,2
1.65E+18,sifchandigarh,"JEE(M) results:

Boys: 42
Girls: 1

So much of #BetiBachaoBetiPadhao still our boys are shining. Congratulations boys for this great achievement ?üëè?üëè

Will someone tell why there is so much silence all around??
#FeminismIsCancer https://t.co/GGSwWf9Ry1",2023-05-02 07:56:13+00:00,,,,en,#FeminismIsCancer,2
1.65E+18,KingidteinSumit,"Jahan mauka mile
Make the best use of your freedom
#feminismiscancer https://t.co/L51sm9jUVD",2023-05-02 05:58:29+00:00,,,,en,#FeminismIsCancer,2
1.65E+18,FyMakeme,@kne_unkl @AshleaSimonBF you know why... #equity #DiversityandInclusion #WhiteGenocide,2023-05-03 20:18:13+00:00,,,,en,#whitegenocide,2
1.65E+18,Free_the_droids,@superseven23 @lewi16614512 @EddieHe80211171 @SomeShitILike @RishiSunak @SuellaBraverman We've had a #zionist occupied government for decades. #KalergiPlan #WhiteGenocide,2023-05-03 19:23:44+00:00,,,,en,#whitegenocide,1
1.65E+18,alwayskarl,"lol, i still can't drive! #asian ?ü§??ü§??ü§?

yeah I said, I can say it ?ü§£ https://t.co/CCI3pMpOol",2023-04-30 02:30:27+00:00,,,,en,asian drive,2
1.65E+18,BardOfEarth2,"Same #CONS #CONServative #CONServatives 
#conMEN demonizing ""#Woke"" today, were attacking Activists who were for Justice, #WomensRights or #HumanRights, calling them #SocialJusticeWarriors or #SJW's a few years back.
As if ""Social Justice"" was laughable..
""CONS!"" https://t.co/6ONeXdL2JE https://t.co/J6IysQ9qaV",2023-05-03 09:11:55+00:00,,,,en,#sjw,1
1.65E+18,markinkorea,"@wang601 @NormalKevv @GrahamAllen_1 One apology will not suffice.
They must apologize for:
1. Hiring lunatic #SJW Alissa Heinerscheid as VP of Marketing.
2. Permitting said lunatic #SJW carte blanche for picking brand spokesmen.
3. Not having a system in place to prevent this kind of bonehead decision from being",2023-05-03 06:20:29+00:00,,,,en,#sjw,1
1.65E+18,Killateral_DMG,#Liberals #pedophelia #agenda #woke &amp; #sjw causes is how they get you to stop protecting your children which is exactly what they want. https://t.co/rDnBVumOYz,2023-05-03 03:52:21+00:00,,,,en,#sjw,1
1.65E+18,BanksyStyleuk,sjw life @MattWalshBlog @ClownWorld_ @libsoftiktok @elonmusk @MrAndyNgo @Sargon_of_Akkad #Sjw #life https://t.co/2TnmPTK5L5,2023-05-03 00:11:18+00:00,,,,en,#sjw,2
1.65E+18,MreBlacks4Trump,It may already be too late for inner city kids subject to the Walton‚Äôs of Walmart (#BAEO farce) &amp; Eli Brode TAKEOVER of Schools for the Purpose of the Oligarchs‚Äô Social Impact Bond REVOLUTION &amp; Radicalization of the next Generation of Communist-Styled #UsefulIdiots; #SJW &amp; #BLM. https://t.co/pwrfgf2n8n https://t.co/U8FWhxHCos,2023-05-02 13:44:57+00:00,,,,en,#sjw,1
1.65E+18,MreBlacks4Trump,@RaymondZino @carolinecwilder It may already be too late for inner city kids subject to the Walton‚Äôs of Walmart (#BAEO farce) &amp; Eli Brode TAKEOVER of Schools for the Purpose of the Oligarchs‚Äô Social Impact Bond REVOLUTION &amp; Radicalization of the next Generation of Communist-Styled #UsefulIdiots; #SJW &amp; #BLM. https://t.co/VmpabszWv0,2023-05-02 13:44:00+00:00,,,,en,#sjw,1
1.65E+18,dx1_febri,Mantan - Stand Here Alone.. #standherealone #sjw #kajon kaum jones ?üòÇ https://t.co/Yk0evUsgHU,2023-05-02 11:40:59+00:00,,,,en,#sjw,2
1.65E+18,AbleistSl,"To improve #engagement from #dissidentright #twitter accounts, I strongly suggest you declare hostility towards the #regressiveleft as said freaks are violent #terrorists who deserve to die anyway.

It works great for the #gendercritical feminists!?üëç

#sjw #woke #WokeMindVirus",2023-05-02 05:06:50+00:00,,,,en,#sjw,1
1.65E+18,ainvest_vision,"AInvest Earnings Snapshot:

‚ö†Ô?è Sjw Group $SJW released Q1 FY 2023 earnings report.
Sales: 137.30M 10.45%YOY ‚¨ÜÔ?è
EPS: 0.37 208.33%YOY ‚¨ÜÔ?è
Net Profit Margin: 8.40% 179.34%YOY ‚¨ÜÔ?è
#AInvest #earnings #earningsinsight #investing #SJW
View more earnings details:
https://t.co/JIgkV2RncR",2023-05-01 10:12:32+00:00,,,,en,#sjw,2
1.65E+18,RevTerfy,"On Oregon homelessness issue: It seems the progressive left‚Äôs approach to everything is to enable situations rather than cure them, this is a mirror of how they treat Transgenderism‚Ñ¢Ô?è, not cure, just make a cottage industry around it. #portlandia #SJW 

https://t.co/bnt1EbTFmB",2023-05-01 01:49:54+00:00,,,,en,#sjw,1
1.65E+18,JuanMauriciofu3,"Yup 
That's a spreading disease in all countries
We have here in Mexico the #unampatito @UNAM_MX it was the best not only of Mexico but in a global level 
Sadly it's being infected by the leftist #sjw who corrupted it to the core https://t.co/oot3cgEq3v",2023-04-30 21:34:46+00:00,,,,en,#sjw,1
1.65E+18,AndrewTateFan55,"Soon, Bakhmut will fall!!!
#Bakhmut #sjw #UkraineRussiaWarÔ?è
#Ukraine #NAFOCrimes  #istandwithrussia #GoWokeGoBroke #Trump2024 #Victoryday #istandwithputin #TRUMP2024ToSaveAmerica #NAFOCringe #NAFO is cringe 
#topG #freetate #FreeTopG #AndrewTate https://t.co/OxMkhZiHrp",2023-04-30 17:27:50+00:00,,,,en,#sjw,1
1.65E+18,AbleistSl,"This #Japanese cunt @Sky_ya_ blocked me without warning despite the fact I did not interact with him, &amp; then blocked my alt when I asked him why.

He is probably a regressive leftist so watch out japs! #sjw #regressiveleft #japan #PC„É§„ÇØ„Ç? #ÁõÆË¶ö„ÇÅ„Åü„Ç?„Ç´„É† #ÂõûÂ??Â?¶ #„É™„Éñ„Çø„Éº„Éâ",2023-04-30 15:59:14+00:00,,,,en,#sjw,1
1.65E+18,Freshtastical,"The Wokest Speech Ever Made #satire #woke #wokeness #wokeculture #wokeism #sjw 

See my full video this clip is from here: https://t.co/2kQXQ161Yj https://t.co/0upLRUU0Ic",2023-04-30 15:55:20+00:00,,,,en,#sjw,2
1.65E+18,BastardGrimm,AI Generated #SJW. ?üòÇ https://t.co/8nBvwk59bA,2023-04-30 05:32:45+00:00,,,,en,#sjw,2
1.65E+18,Freshtastical,"How Woke People Defeat You #woke #Wokeness #WokeCulture #wokeagenda #antiwoke #satire #funny #comedy #Leftist #leftists #sjw #politicalcorrectness 

See my full video this clip is from here: https://t.co/2kQXQ161Yj https://t.co/4ENjwUfQtb",2023-04-29 23:19:43+00:00,,,,en,#sjw,2
1.65E+18,Timothy_Klaver,"ATTENTION #Liberals, #Progressives, and other #SJW #Snowflakes 

FACTS
Trans-""women"" are NOT women.
""Love"" is NOT love, or you'd be okay with ALL incest.
Black lives only matter to Democrats every 4 years, or when there's a corpse to exploit.
Abortion is murder, NOT ""healthcare.""",2023-04-29 15:11:18+00:00,,,,en,#sjw,2
1.65E+18,Nippon_Cracker,"@TGrammie2 Well in order to play their game. I bet this summer they will put in trans bathrooms. If they still insist, it's pure theater. #LGBT #SJW",2023-04-29 14:49:58+00:00,,,,en,#sjw,2
1.65E+18,TheRealKyleTM,Social Justice is a bastardization of everything Justice is meant to embody #sjw #socialjustice #equity #dei,2023-04-29 08:31:49+00:00,,,,en,#sjw,1
1.65E+18,Notsoaveragetho,"@SleepySavior @realswtheory @Ciaranredokeefe Nah... you came to #bully @Ciaranredokeefe  , then editted and posted a convo between us 3  just to make yourself look like the victim. And made it a public issue just to get clout. You are the #toxic #harassing #bully  you pretend to step up against.  #fake #sjw",2023-04-29 07:36:00+00:00,,,,en,#sjw,2
1.65E+18,1AIsFreeSpeech,"ESPN's Louis Riddick Facing Criticism After Insensitive Proverb During NFL Draft 

And this is why I‚Äôll never vote for a fcking ‚Å¶@TheDemocrats‚Å© 

‚Å¶@louisriddick_sa‚Å© is ?üíØ a liberal #SJW.  The left loves to eat its own https://t.co/JixADaG6YD",2023-04-28 20:26:31+00:00,,,,en,#sjw,2
1.65E+18,Freshtastical,"Why People Are Deplatformed #satire #woke #WokeCulture #wokeness #deplatform #deplatformed #deplatforming #politicalcorrectness #leftists #leftist #antiwoke #SJW #comedy 

See my full video this clip is from here: https://t.co/2kQXQ161Yj https://t.co/1bQZjzLFET",2023-04-28 16:13:11+00:00,,,,en,#sjw,2
1.65E+18,Josebadillo67,"?ü§îHOW TO GET VOTES IN THIS COMING ELECTION?  Give the poor what they cannot afford. #Redistribution! You with good credit, YOU MUST pay for those less fortunate....#ignorance will lure the poor to everyone's destruction.  #liberals #Socialist #maga #left #sjw  #Communist https://t.co/8BgZojlMPf",2023-04-28 00:01:12+00:00,,,,en,#sjw,2
1.65E+18,BoroOfWenatchee,"ok, it's official, there's actually a totally solid reason to believe that catholicism ain't *that* bad 
#sjw #woke #revolution #election2024 https://t.co/LsN9BIFSU2",2023-04-27 23:39:20+00:00,,,,en,#sjw,1
1.65E+18,JW76594595,Appreciate @PhilJackson11 speaking out about @NBA‚Äôs hateful #SJW turn under #AdamSilver. https://t.co/lkOwFxW3Ha,2023-04-27 18:10:20+00:00,,,,en,#sjw,2
1.65E+18,AbleistSl,"@AnheuserBusch, @MolsonCoors, @Heineken, @Diageo_News, &amp; @SapporoBeer via subsidiaries such as @AnchorBrewing were all caught catering to the regressive left and deserve to bleed financially. #wokeboycott #BudLightHatesWomen #budlightboycott #sjw #regressiveleft #getwokegobroke",2023-04-27 17:59:08+00:00,,,,en,#sjw,2
1.65E+18,yikesLJB,"This https://t.co/PBrROHCltx says it all

You want free money for being black, just say it

No one on EARTH, in this year of 2023, knows ANYTHING about being a slave/owner

Give it up, this embarrassing for the black community 

#blmisfakenews #racist #hustle #sjw #Reparations https://t.co/dZyCOGUQ9h",2023-04-27 13:36:00+00:00,,,,en,#sjw,2
1.65E+18,RobinLever,@ExposeRVAAntifa @RobKing44645429 @StudentsforLife @VCU @StudentForLife Anti-life Social Justice warriors are coming to rescue you sir/ma‚Äôam #SJW https://t.co/7juFYtJMaD,2023-04-27 05:31:46+00:00,,,,en,#sjw,2
1.65E+18,JuliaDixon1949,@MetaSpriggina @Annhasquestions It also sounds like she committed the ultimate in #SJW crimes - she assumed their genders! https://t.co/ZTqr2VzuAO,2023-04-26 16:55:37+00:00,,,,en,#sjw,2
1.65E+18,Slicyman,@tomkeene Is there nowhere for me to turn w/o being lectured to on #sjw stuff? Does Mike B have pics of Rubenstein &amp; that is why he jumped this shark?,2023-04-26 12:52:55+00:00,,,,en,#sjw,2
1.65E+18,JuanMauriciofu3,"#bronies 
#transterrorists 
#MLP 
And others #sjw freaks you can't deny reality 
You're butchers criminals
And if you are a father professor your duty it's to #ProtectOurChildren not grooming them https://t.co/Dx0l7HY5Ok",2023-04-25 23:45:37+00:00,,,,en,#sjw,2
1.65E+18,brownie_terror,@lateefahsimon for Congress! Bringing BART to the streets! #SJW #TransitJustice #Defund https://t.co/7BWodZbdpx,2023-04-25 22:32:00+00:00,,,,en,#sjw,1
1.65E+18,LostSoul_76,This president is an #SJW simp. Just like Obama. https://t.co/E47oZvsMtY,2023-04-25 19:49:08+00:00,,,,en,#sjw,2
1.65E+18,CharKais,"OMG! Amazing strong powerful whemen!!11!!

Hope you are all ready for woke Star Trek Legacy...

*SIGH*

#StarTrek #NuTrek #StarTrekPicard #StarTrekPicardSeason3 #PicardSeason3 #StarTrekLegacy #SJW #SJWTrek #WokeTrek https://t.co/5pAug8v7qK",2023-04-24 23:58:16+00:00,,,,en,#sjw,1
1.65E+18,NeoPassport,"ICYMI, a young Jesuit priest was ministering to a city near Nagasaki at the time of the bombing. He vowed to take down America as punishment.

That priest was PEDRO ARRUPE. He became #BlackPope at same time as  #Vatican2. His Marxist #SJW army infiltrated all USA culture. https://t.co/iZVDAVAjkb",2023-04-24 21:10:32+00:00,,,,en,#sjw,2
1.65E+18,doofuswhisperer,"Would you like to see a debate between @KimIversenShow and @ConceptualJames about social implications of transgenderism?

#transgender
#CRT
#SJW",2023-04-24 07:26:15+00:00,,,,en,#sjw,2
1.65E+18,TradWidowK,Truth #8: Feminism is the single worst thing that has ever happened to women and has turned beautiful family women into rainbow-haired whores who hate themselves AND men! #feminism #antifeminism #womenagainstfeminism,2023-05-01 13:19:57+00:00,,,,en,#WomenAgainstFeminism,1
1.65E+18,GSali2023,"If you are sincere in searching for the truth, God will lead you to it and then to heaven without effort

#Islam #TheTruth #terrorism https://t.co/ZEFhhpgfVI",2023-05-03 19:54:37+00:00,,,,en,#islam terrorism,2
1.65E+18,isushman,"What I Learned in an Iranian Prison:
U.S. foreign policy isn‚Äôt to blame for the mullahs‚Äô deep-rooted hatred of America and Americans. https://t.co/pdnIz4Z3ih #Iran #HumanRights #FreeSpeech #Terrorism #Islam",2023-05-03 18:13:27+00:00,,,,en,#islam terrorism,2
1.65E+18,Andalusio,"Is #Islam responsible for terrorism and violence? Was #Muhammad a despot? It isn't as black and white as it seems, as #Quran teaches more against bigotry than animosity against other religions: https://t.co/2c1b8vgv6R

‚Äî #WhatIsIslam #ÿßŸÑÿ•ÿ?ŸÑÿßŸÖ #‡§á‡§?‡§?‡§æ‡§Æ #„Ç§„Ç?„É©„É†Êïô #?ê?©?ú?ï?ù #?ê÷¥?°?ú÷??ê?ù",2023-05-03 18:04:01+00:00,,,,en,#islam terrorism,2
1.65E+18,khaled26788,#Islam typical american coward gets votes for racism and hate against islam what can you exect anyway when america is full of white supremasists racial violence and terrorism to other countrys https://t.co/GNKguEtrBV,2023-05-03 18:03:16+00:00,,,,en,#islam terrorism,1
1.65E+18,a_lokeshwara,"In order to reach 72 hoors, Ghazwa-E-Hind &amp; Sharia law must be enforced.

If it's in the book then it's the one &amp; only truth, We mustn't question it ?

Terrorism Has No Religion, but jihad has one.

#Islam #TheKeralaStory 

#HindusUnderAttack in their own land. https://t.co/5TQbDEEb2p",2023-05-03 16:29:52+00:00,,,,en,#islam terrorism,1
1.65E+18,sanghiflix,"ISLAM - A TALE OF TERROR| SANGHIFLIX| TEASER OUT NOW!

https://t.co/fOv3G9WfQF

#islam #muslim #islamic #terrorism https://t.co/wVYTisFkiy",2023-05-03 16:05:51+00:00,,,,en,#islam terrorism,2
1.65E+18,isushman,Media Give Friendly Image Overhaul to Dead Hunger Striking Terrorist #Terrorism #Islam #Arabs #Israel #Palestinian https://t.co/Vk9m5pPdXS via @honestreporting,2023-05-03 15:31:07+00:00,,,,en,#islam terrorism,1
1.65E+18,AIdreessy,"To the historical origins of the bloodthirsty #terrorism that claims #Islam...
#AlQaeda 
#Daesh 
#BokoHaram
#Nosra https://t.co/G2WQ1ev6Zl",2023-05-03 11:30:16+00:00,,,,en,#islam terrorism,1
1.65E+18,AIM_IJ,"@DaveAtherton20 I wonder if liberals are beginning to notice the pattern..

https://t.co/gLDwmZYVug

#Moroccan #Islamist #AsylumSeeker #YassineKanjaa #ChurcheAttack #Algecrias #SanIsidro #Church #machete #religionofpeace #Islam #IslamicFaith #VirginofLaPalma #MuslimTerrorist #Jihadi #Terrorism https://t.co/Z4JB6fvj77",2023-05-03 09:53:52+00:00,,,,en,#islam terrorism,1
1.65E+18,shepherd0305,"@vijaygajera Listen people of the world, if ending disbelief and oppression is terrorism, then I am the biggest terrorist and I am proud of it  #world #Islam #jihad",2023-05-03 04:35:28+00:00,,,,en,#islam terrorism,1
1.65E+18,BrianaOsborn13,"@TradingTigre @SarahisCensored @POTUS This is the best video created explaining the difference between #Christianity and #Islam! 

#Bible #quran #Apologetics #Gospel #JesusChrist #ProphetMuhammad #Church #Mosque #Christians #Muslims #Jihad #Terrorism #Missionaries #Martyr @VOM_USA 

https://t.co/0hPlYqXHPM",2023-05-03 04:19:28+00:00,,,,en,#islam terrorism,2
1.65E+18,BrianaOsborn13,This is a MUST WATCH! No matter your #religion knowing what #Muslims really believe is very important esp. since the rise of #Terrorism ie #Jihad around the world! Knowing the truth about the worlds 2nd biggest religion is important! #Islam #Christianity https://t.co/0hPlYqXHPM,2023-05-03 03:40:30+00:00,,,,en,#islam terrorism,2
1.65E+18,DeshHinduBhakt,"peaceful religion

evil religion 

#MUslim #Islam #Terrorist #Terrorism https://t.co/wb7FnYm2Zc",2023-05-03 02:59:38+00:00,,,,en,#islam terrorism,1
1.65E+18,sherahmadghazni,"Training children as terrorists. Instead of giving pen in their hands, #Taliban give them guns.
#Afghanistan 
#TERRORISM 
#Islam 
#Pakistan https://t.co/bIsvivuxZl",2023-05-02 21:29:42+00:00,,,,en,#islam terrorism,1
1.65E+18,AIdreessy,"The #TERRORISM being committed in the name of #Islam began when they failed in the dialogue with #FatimaZahra and threatened to turn her house into a crematorium. This ""jurisprudential"" precedent opens the door to authoritarian and #terrorist chaos from which there is no way out. https://t.co/UZzkO61W46",2023-05-02 16:42:25+00:00,,,,en,#islam terrorism,1
1.65E+18,rsiagra,"Watch this video carefully and understand that what has been done to the infidels in #Islam,

so all #Hindus should be united and beware of #Islamic terrorism...

@OIC_OCI @hrw @UN @UNICEF

#Tomar_voice
#‡§á‡§?‡•ç‡§?‡§æ‡§Æ_‡§ï‡•Ä_‡§?‡§ö‡•ç‡§ö‡§æ‡§à #‡§ï‡§æ‡§´‡§º‡§ø‡§? 
#‡§?‡§®‡§æ‡§§‡§®_‡§ß‡§?‡•ç‡§Æ_‡§?‡•Ä_‡§?‡§?‡•ç‡§µ‡§?‡•ç‡§?‡•á‡§?‡•ç‡§†_‡§?‡•à
#‡§ú‡§æ‡§ó‡•ã_‡§?‡§ø‡§®‡•ç‡§¶‡•Ç_‡§ú‡§æ‡§ó‡•ã https://t.co/9CsX8NeyiV",2023-05-02 10:15:57+00:00,,,,en,#islam terrorism,1
1.65E+18,DeshHinduBhakt,"Evil ?üòà religion ?üê? ?üí£ ?üí© ?üî´ ?üî• ‚ò™Ô?è

#Islam #Muslim #RabidEvil ?üòà #Terrorist #Terrorism https://t.co/1OLlRwazLV",2023-05-02 08:51:46+00:00,,,,en,#islam terrorism,2
1.65E+18,pcnotchtree,"#Islam is scary. #Muslims are scary.  Or so many westerners think, and after the recent history of terrorism carried out by Muslims in the name of Islam, one can understand it. Learn more about Islam in my little book.   https://t.co/w9sCrjvNez  #Muslim  #Quran #koran #Bookboost",2023-05-02 08:02:53+00:00,,,,en,#islam terrorism,1
1.65E+18,Nikhil_Tiwari1,"It is not Islamophobia
It is against terriost and terrorism..
Where are brain washed by wrong teaching..
It has nothing to do with #Islam 
#Islam is all there to spread love.
But #ISIS misguided youths by twisting Islamic teachings. #ISIS has no religion. https://t.co/UIPrFEF6Bp",2023-05-01 21:29:45+00:00,,,,en,#islam terrorism,1
1.65E+18,party_allah,"@sh_Ahmad_Jibril today, the hypocrisy of the west and its media can be witnessed in their acts towards muslim women; they shout out in their media and accuse #Islam of denying women rights &amp; #freedom; while, they imprison &amp; harrass  our hijabi sisters in the name of fighting #terrorism!!",2023-05-01 11:44:34+00:00,,,,en,#islam terrorism,1
1.65E+18,Stroke0Geniusss,"Illegal shrine demolished in Delhi's Patparganj.

This illegal shrine was affecting traffic for a long time.

?üî• ?üî•

#illegal #Muslim #Islam #TERRORISM #terrorist https://t.co/ss0oAcHgob",2023-05-01 09:30:13+00:00,,,,en,#islam terrorism,2
1.65E+18,Stroke0Geniusss,"Reality of peaceful Muslim community ?üòÇ

#Islam #Jihad #TERRORISM #terrorist #Muslim #Halala https://t.co/gQimVsxu3w",2023-05-01 09:27:46+00:00,,,,en,#islam terrorism,1
1.65E+18,Sameer210260323,"@ZEUS_PSF @ani_digital @ANI paGAYstan mein 48 deadbodies ke sath r@pe karne wala victim 

#india #indian #muslim #islam #jihad #islamic #islamicjihad #lovejihad #terrorist #terrorism #pakistan https://t.co/Kw78y9MWmK",2023-05-01 07:13:24+00:00,,,,en,#islam terrorism,1
1.65E+18,SINGH_AD_SARDAR,"Although #Feminazi movement has been successful in destroying the family system in the west, but it will be a heck lot difficult to destroy Indian family system. https://t.co/suAEmOtLcg",2023-05-02 10:07:02+00:00,,,,en,#feminazi,1
1.65E+18,The_TDO,"@butterfly_Anele SHAME on you for trolling an innocent couple in their moment, now u hide like a coward since u cant take the heat in the kitchen. #failedjournalist #feminazi",2023-05-01 22:08:56+00:00,,,,en,#feminazi,1
1.65E+18,Fake498aVictim,"Warning!
Only Women have this #privilege of celebrating #divorce
As a #mentoo you'll be disgraced n lynched if you dare remotely similar!
#womenempowerment #toxicfeminism #feminazi #maleprivilege #GenderBiasedLaws #feminism #legalterrorism #alimony @MinistryWCD @MLJ_GoI @NCWIndia https://t.co/oNO6jhrZSr",2023-05-01 09:50:47+00:00,,,,en,#feminazi,1
1.65E+18,SINGH_AD_SARDAR,"Imagine if this happened in India. All the western media and all the Indian libtards would have started shaming India.
#CandleMarchGang #PappuGang #CongressMuktBharat #JNU #Woketards #Communists #Feminism #FemiNazi https://t.co/Keh0GEQHDh",2023-05-01 02:45:29+00:00,,,,en,#feminazi,1
1.65E+18,AmberDelaneyG,"@naodawgg @Simply_Sayo @mehafossss Oooh, yes! What a good explanation of this #StraightMale f$%kery...it would be comical if it weren't so scary to deal with online and irl. 

I have to keep reminding myself that some of my favourite people are men, because I don't want to turn into man-hating #feminazi cliche ?üòï https://t.co/ZFkObZK30p",2023-04-30 11:36:51+00:00,,,,en,#feminazi,2
1.65E+18,ArnabCh62400936,"That's the reason he didn't make seats, because he knew they will make it a #FemiNazi issue.

""Men, put the toilet seat down after yourself ‚Äì leaving it up is just sexist""

#RemoveTheSeat https://t.co/xAbQHlJMvf https://t.co/NspJb2KKWM",2023-04-30 10:45:35+00:00,,,,en,#feminazi,1
1.65E+18,Fake498aVictim,"#politicians wooing #Women #votebank with #sexist #schemes promoting #freeloader #culture with #discriminatory policies at the cost of #taxpayers funds 
#womenempowerment #feminism #toxicfeminism #feminazi #GenderBiasedLaws #genderequality #legalextortion @MinistryWCD @MLJ_GoI https://t.co/EfFVIBruSS",2023-04-30 10:28:01+00:00,,,,en,#feminazi,1
1.65E+18,SINGH_AD_SARDAR,@LambaAlka @priyankagandhi @smritiirani Stay away modern women. #Feminazi #woketard https://t.co/TRav4ZC7Os,2023-04-30 08:13:30+00:00,,,,en,#feminazi,1
1.65E+18,SINGH_AD_SARDAR,"#simps at @DainikBhaskar are pseudos in #meetoo movement. Looks like allegations with no substance is their standard.
#WrestlersProtest #Equality #Feminazi #NoEvidenceGuilty https://t.co/X7djDjI7Ri",2023-04-30 07:54:58+00:00,,,,en,#feminazi,2
1.65E+18,SINGH_AD_SARDAR,"The dumbness of modern woke  women is beyond redemption...
@rotimatic is no different.
#Feminazi #Woketards https://t.co/FujF8kKngU https://t.co/xMaOorj6LB",2023-04-29 22:33:04+00:00,,,,en,#feminazi,1
1.65E+18,ArnabCh62400936,"Next strategy of #FemiNazi :- Fund media companies to flood Indian media with LGBT content.
TV, Cinema, Radio, Print, etc. 
@TIME will do it free.
Lodging partner Lalit hotels (free)

#BewareIndia
#NotMyCJI
#NoSameSexMarriage
@realsiff https://t.co/8NFxOdBdAn https://t.co/XNe8Y25hUC",2023-04-27 13:40:48+00:00,,,,en,#feminazi,1
1.65E+18,ArnabCh62400936,"Big market 
Big money 

Q. Who funds this?
A. Big Pharma

#FemiNazi 
#NotMyCJI
#NoSameSexMarriage
#India
@realsiff https://t.co/ty2f577poy",2023-04-26 21:50:53+00:00,,,,en,#feminazi,1
1.65E+18,MooMeany,"Ironic that a transphobe supporting crossdressing but attacking transgender people thinking we are crossdressers too would be associated with a ""Tucker"" ?ü§£?üòÇ?ü§£

#Transphobe #Transhate #HateCrimes #Terrorist #Feminazi @Caitlyn_Jenner @TuckerCarlson #Drag #TransgenderNotVestite https://t.co/z86tggdyLe",2023-04-25 21:14:26+00:00,,,,en,#feminazi,2
1.65E+18,gcirtweets,"?üì£NEW AMPLIFY BLOG: Meet Magaly Urdiales, Co-executive Director of Western North Carolina Workers‚Äô Center. She shares her insights on the important role #philanthropy can play in building #immigrant worker power and leadership in rural areas. Read more: https://t.co/naf9K4lOmK https://t.co/JUjhAT8KtR",2023-05-03 19:49:00+00:00,,,,en,#immigrant,2
1.65E+18,CardinalRulePrs,"Our Summer 2023 release, It'll Be Irie, by #author @donn_swaby (#illustrator Alejandra Barajas) is the story of a head-strong #immigrant child's humorous attempt to embrace a new cultural environment.  #ItllBeIrie #culture #heritage https://t.co/3Z8exkXyvU",2023-05-03 18:30:00+00:00,,,,en,#immigrant,2
1.65E+18,AnyPollApp,Texas Slows Cross-Border Trucks from Matamoros to a Crawl Amid Immigrant Surge... https://t.co/c31y2kTdXb #texas #slows #cross-border #trucks #from #matamoros #to #a #crawl #amid #immigrant #surge,2023-05-03 18:12:10+00:00,,,,en,#immigrant,2
1.65E+18,chaosismygoal,"Simranjit Singh a #punjabi immigrant from Brampton was arrested smuggling illegal immigrants between US Canada border and then providing them refugee status with fake documents. Singh pleaded not guilty in federal U.S court. 

#Khalistan #SurreyBC #Canada #immigrant #Vancouver https://t.co/7C47peVBPC",2023-05-03 17:45:34+00:00,,,,en,#immigrant,1
1.65E+18,smithj7,"In FY2022, many states received Office of Refugee Resettlement FEDERAL funds to help #asylum seekers and #Refugees . Top states: CA: $1.1 bn, Tx $1.0 bn, NY $750ml,  FL $500 ml, and PA at 450 ml. Shouldn't the money follow the people? TX needs to send funds with each #immigrant.",2023-05-03 16:35:14+00:00,,,,en,#immigrant,2
1.65E+18,ratnaomi,#Immigrant women closing the human capital gender gap |  @canadavisa_com #cdnimm #cdnpoli #SenCA,2023-05-03 16:02:45+00:00,,,,en,#immigrant,2
1.65E+18,msanchezcolumn,"""A fervent belief in the promise of opportunities in America is profound within this #immigrant community, which is only about two generations deep.""
#RalphYarl Shooting Reverberates in #KC‚Äôs #Liberian Community https://t.co/VnF0ZlDMS8 via @flatlandKC  #LeonJordan  #WestAfrica",2023-05-03 15:48:00+00:00,,,,en,#immigrant,2
1.65E+18,banupan,It's #AAPIHeritageMonth and if you're @BrownUniversity come learn from Prof. Shelley Lee about the #Korean American #immigrant experience in #entrepreneurship @BrownEship  https://t.co/uvnekur9mY,2023-05-03 15:30:45+00:00,,,,en,#immigrant,2
1.65E+18,AmericanImLaw,We want to help you! At American Immigration Law Firm we want to help you with your case. Click on the link below https://t.co/bkhFiKAkRv and book a call today! #asylum #asylumapplicants #asylumattorneys #immigrationattorneys #immigrant #immigrationprocesses #immigrantlatinos https://t.co/ccAmAkBt7E,2023-05-03 15:07:00+00:00,,,,en,#immigrant,2
1.65E+18,dalatindiva,"Join us at the LCIP National Conference &amp; learn how you can help break the stranglehold of the 2-party system. We'll be discussing Black liberation struggle, #immigrant rights &amp; more - building an independent #workingclass party.
@LCIP_org

Register today! https://t.co/eMMjm9b0I9 https://t.co/WJNPxRwEHj",2023-05-03 14:43:00+00:00,,,,en,#immigrant,2
1.65E+18,ELOIMInc,"Behind every successful #immigrant #woman is a story of perseverance, determination, and unwavering spirit. We're inspired by their compassion,  commitment, and unwavering dedication to making the world a better place.

@tendo_steven
#WCW #ImmigrantSupport #WomenInLeadership https://t.co/kC2vQQ5PzL",2023-05-03 13:31:37+00:00,,,,en,#immigrant,2
1.65E+18,tandieka365,Sunset #tandieka365 #immigrant #americandream #guyanesegirl #mikedeclemente #tandiekadeclemente #tandieka #guyanesegirlintransition #nyc #fuckcancer #art #painting #abstractart #guyanesegirlsrock  #365photochallenge #newyork #queens #Wednesday #sunset https://t.co/VvLWtkgjdf,2023-05-03 13:21:00+00:00,,,,en,#immigrant,2
1.65E+18,AbdelhadyDalia,@RawanArar from @UW takes the example of Syrian refugees in ?üáØ?üá¥ to discuss #immigrant #integration in the #GlobalSouth &amp; how it diverges from descriptions in canonic literature https://t.co/9qbnBJUKFG (6/8),2023-05-03 13:05:48+00:00,,,,en,#immigrant,2
1.65E+18,AbdelhadyDalia,"Kikuko Nagayoshi of
@UTokyo_News_en, @OsanamiSayaka of
@malmouni &amp; Hirohisa Takenoshita of
@Keio_Univ concentrate on the context of ?üáØ?üáµ examining #immigrant #integration through the prism of #intermarriage  https://t.co/4nbQ1oOgYE (5/8)",2023-05-03 13:04:34+00:00,,,,en,#immigrant,2
1.65E+18,FISMNews,"Francisco Oropesa, a Mexican national who had been deported from the U.S. at least 4 times, was found at a residence in Cut and Shoot, Texas, a small town between Cleveland &amp; Conroe, north of Houston. https://t.co/lvrMzdOEfh #texas #shooter #immigrant #bordercrisis #migration",2023-05-03 13:01:37+00:00,,,,en,#immigrant,2
1.65E+18,SabahDabahDoo,"I was six years old when I first heard the word ‚Äòpaki‚Äô being thrown around the playground. 

Read this personal essay on belonging here:
https://t.co/5ZtbHTK3od #immigrant #expat #humanity #medium #mediumwriters https://t.co/H6pzDvE08U",2023-05-03 12:44:03+00:00,,,,en,#immigrant,1
1.65E+18,HispanicUnity,"Are you interested in becoming a U.S. citizen? SIGN UP TODAY to register for our Pathway to Citizenship series. 

Questions - ?üìû 954.964.8884 (Ext. 266)

?üá??üá? - https://t.co/nlySiOJMG0

#HUF #hispanicunityfl #immigrant #inmigrante #americandream #sue?±oamericano #browardcounty https://t.co/n6m0eBAkDv",2023-05-03 12:00:08+00:00,,,,en,#immigrant,2
1.65E+18,AbdelhadyDalia,@CristianNorocel @lunduniversity @ManuelaBoatca of @GSPUniFreiburg &amp; @dr_fabiosantos of @FU_Berlin endeavor to #creolize #migrationstudies &amp; challenge dominant understandings of #immigrant #integration focusing on #Carribean especially position of Haitians in ?üá¨?üá´ https://t.co/9mDMXhbpNf (2/8),2023-05-03 11:52:30+00:00,,,,en,#immigrant,2
1.65E+18,AbdelhadyDalia,"Journal of Immigrant &amp; Refugee Studies hosts #SpecialIssue Re-envisioning #immigrant #integration w/h #Globalsouth perspectives coordinated by @CristianNorocel &amp; myself from
@lunduniversity. Introduction available #OA Re-Envisioning Immigrant Integration https://t.co/jg3IeLnNkh",2023-05-03 11:48:41+00:00,,,,en,#immigrant,2
1.65E+18,doyaksec,"#USA. #Criminals.Illegal #immigrant Francisco #Oropesa,accused of killing last week 5 neighbors in #Texas,including a 9-year-oldboy,was arrested 40 miles north of #Houston.According to a source at US Immigration Oropesa has been deported at least 4 times
 https://t.co/vU4JYvsB5h",2023-05-03 09:59:27+00:00,,,,en,#immigrant,2
1.65E+18,felwts,"Approved Australia Study Visa‚úÖ
It's never too late to start achieving your traveling goal. Ready to start a new life in Australia,@felwts is ready to make it happen. 
Chat with us now?üëá
+234 806 231 8210
+234 802 956 5257
#canada #uk #australia #trending #travel #immigrant #visa https://t.co/gKaBU12bo0",2023-05-03 07:45:02+00:00,,,,en,#immigrant,2
1.65E+18,Wappie12345,"#Illegal #immigrant in killing of 5 #Texas neighbors caught after 4-day manhunt.

#OpenBorders #illegalimmigration https://t.co/b42uTI02LD",2023-05-03 06:43:50+00:00,,,,en,#immigrant,1
1.65E+18,TsengJennifer,?üòÄ to give @NYPQueens Surgery for Grand Rounds about #healthequity from @The_BMC @BUMedicine perspective in vibrant #immigrant ?üá??üá? place; doubly happy @BMCSurgery @UPMC @SocSurgOnc grad @jianjianz is ?üåü host w/ Chair Saldinger‚Äîamazing food &amp; even #VeryAsian snacks for ?üè®! https://t.co/4VZwDverbP https://t.co/aCPOSuWv7T,2023-05-03 01:50:40+00:00,,Downtown Flushing,United States,en,#immigrant,2
1.65E+18,srstephanovic,"@POTUS America is a dead-beat nation, that‚Äôs run by corporations &amp; fascists. You &amp; the other politicians were voted in by undereducated, Bible thumping rednecks. As an #immigrant it‚Äôs disgusting to see Americans getting rid of their #democracy. Can we get the golden generation back?",2023-05-03 01:26:21+00:00,,,,en,#immigrant,1
1.65E+18,MICHAELWAR50195,"They caught the #masshooter of 5, #FranciscoOropesa, in #TX. The very #illegal #Mexican #immigrant who was deported 4 or 5 times. Here‚Äôs a tip.  Put him in jail without bail while waiting for trial in the #US.",2023-05-03 01:20:37+00:00,,,,en,#immigrant,1
1.65E+18,artisanbusiness,"#RealEstate developers across the #US are reassessing their plans due to the surge in #loan rates since 2022. Some have decided to postpone construction on previously announced projects, while others are considering the option of attracting #foreign #immigrant #investors through‚Ä¶ https://t.co/tr0i4ruOmY",2023-05-03 00:22:59+00:00,,,,en,#immigrant,2
1.65E+18,janethinde,@CurtisHouck @Emilylgoodin Whatever you do you mustn‚Äôt answer hard questions.  I don‚Äôt care which side of the political aisle you‚Äôre on we can all agree @PressSec is the world‚Äôs worst WH Press Secretary ever! BUT she checks all the diversity boxes!  #gay #black #immigrant,2023-05-03 00:20:12+00:00,,,,en,#immigrant,1
1.65E+18,P2PConnects,"N.L. doubles permanent residency spaces for #Immigrant workers, but advocates say challenges remain
#newfoundland #cdnimm
https://t.co/DYGkyYqHPW",2023-05-02 22:33:11+00:00,,,,en,#immigrant,2
1.65E+18,bestyunastan,ummm why are they not letting immigrants in florida anymore?? ?üòÇ?üòÇ so toxic i swear!!! #Florida #Immigrant,2023-05-02 21:15:10+00:00,,,,en,#immigrant,1
1.65E+18,NoSweatAmerica,#JoeBiden You Do Not Want Your Four Year Old #GrandDaugher To Use #BidenName And Even Worst You Have #BloodOnYourHands!  One Of Your  #Immigrant killed 5 Texas People!,2023-05-02 21:03:51+00:00,,,,en,#immigrant,1
1.65E+18,Reekchaos,Glad you are standing up for you‚Äôre community and I right there with you @SusanLValdes I stand for the immigrants that want to live the American dream #ImmigrationMatters #Immigrant #SB1718 #standup4humanrights #standup https://t.co/wX1CdTgS6W,2023-05-02 20:18:35+00:00,,,,en,#immigrant,2
1.65E+18,phuqewe_too,"@FightHaven Nope. I don‚Äôt care what country, or what race the person is..
If you pull this in front of me, expect to get physically assaulted on behalf of the woman you intimidated out of her seat.
#Immigrant #Sweden #Equality #Respect #honor #duty #BeAMan #standup",2023-05-02 19:12:27+00:00,,,,en,#immigrant,1
1.65E+18,ClgBooks,"Discover the incredible journey of Birol Bahadir in 'Between 2 Worlds‚Äô from growing up in a small town with a rich historical background to moving to the fast-paced city of New York.
https://t.co/vD0UWOLfQx 
https://t.co/ldmdLsDeKV 
https://t.co/ywRhF8MNfS
#Immigrant #Writer https://t.co/NIin7M0zcw",2023-05-02 19:01:30+00:00,,,,en,#immigrant,2
1.65E+18,capicaccpi,"Join us for Part #2 (May 4) in our Summit Series where we will explore Small town #immigration, provide a range of programs &amp; resources, &amp; delve into challenges &amp; benefits that occur in small towns from #immigrant, practitioner &amp; community perspectives. https://t.co/jQXVyA2id3 https://t.co/aEwEBK1D4t",2023-05-02 18:48:56+00:00,,,,en,#immigrant,2
1.65E+18,TRIEC,Sign up for session 4 of the @WorkInCulture #WICWorkingInTheArts webinar series on May 4 at 2 pm ET: a panel discussion with #newcomer and #immigrant arts administrators about their experience pursuing a #career in #Toronto/#GTA! https://t.co/tkGj9ykk30 #inclusion https://t.co/ePNniBO7ff,2023-05-02 18:26:15+00:00,,,,en,#immigrant,2
1.65E+18,BeenewsdailyB,"Wanted: An Illegal #Mexican #Immigrant Who Killed 5 #Texas Neighbors, Deported 4 Times Beginning In 2009 Under the #ObamaBiden Administration. #TexasManhunt More... https://t.co/1whhKGlrfc https://t.co/dHPU56T14D",2023-05-02 18:11:11+00:00,,,,en,#immigrant,2
1.65E+18,France24_en,"?üá??üá? #Africans make up 5% of immigrants in the #US but represent the fastest-growing #immigrant group. Somewhat ironically, they suffer from a sort of #racism against them from the African American community.

@FannyAllard1 has the story for #REPORTERS ‚û°Ô?è https://t.co/cuAJe5ySqA https://t.co/u1NgONeb5t",2023-05-02 18:00:41+00:00,,,,en,#immigrant,1
1.65E+18,mikedeclemente,White butterfly #tandieka365 #immigrant #americandream #guyanesegirl #mikedeclemente #tandiekadeclemente #tandieka #guyanesegirlintransition #nyc #fuckcancer #art #painting #abstractart #guyanesegirlsrock  #365photochallenge #newyork #queens #Tuesday #butterfly https://t.co/rprG5G8HB6,2023-05-02 16:56:14+00:00,,,,en,#immigrant,2
1.65E+18,slava381977,"Good #old Germany.  An #immigrant, most likely from Africa, #destroys German #cars https://t.co/o8fA6mxH9N",2023-05-02 16:32:33+00:00,,,,en,#immigrant,1
1.65E+18,Tdubz100,"The #TexasKillerofCleveland is a 4x deported illegal #Immigrant that owned a home, in his name, and owned firearms.  All of which is illegal.  #ClevelandPD, #MCpct4Sherifs, #TxDPS, all local police in his jurisdiction DID NOTHING TO ENFORCE THE LAWS THAT COULD HAVE PREVENTED THIS",2023-05-02 16:12:45+00:00,,,,en,#immigrant,1
1.65E+18,BH_Visa,"South African - Spousal Visa ?üë©?üèæ‚Äç?ü§ù‚Äç?üë®?üèø

Are you looking to start a new chapter and settle down with your life partner.

Contact us  and our immigration consultants will advise on whether you are eligible.

#visa #Immigration #Immigrant https://t.co/3X32kwG74a",2023-05-02 16:00:01+00:00,,,,en,#immigrant,2
1.65E+18,Vilcek,"#Immigrant professionals are encouraged to apply for a $50K @Vilcek Prize for Creative Promise by June 12, 2023. 

More at @pndblog and the link below. 

3 Prizes of $50K each will be awarded in two categories: Biomedical Science &amp; #Design. 

https://t.co/52yVVEzJgs https://t.co/DHa3WcNckL",2023-05-02 15:31:39+00:00,,,,en,#immigrant,2
1.65E+18,Maria_Roberts22,"Semantics here‚Ä¶if you don‚Äôt consider illegals, illegal then yeah, you can make that number work I suppose. #fuzzymath #illegal #immigrant #borders #undocumented https://t.co/L5aKixg9z8",2023-05-02 15:26:43+00:00,,,,en,#immigrant,1
1.65E+18,DrWAVeSportCd1,"@jturpeningGA @CalltoActivism WADR, 

#Jesus #Christ 

Was An #IMMIGRANT ‚Ä¶ https://t.co/9Wy31HXEp3",2023-05-02 15:20:32+00:00,,,,en,#immigrant,2
1.65E+18,UnemployedHelp1,"New to #Canada? Find information about financial assistance, benefits and #employment assistance available through the Ontario Works program - #online or in person in #Pickering. Join us on May 23 at 3pm! Register Here: https://t.co/G6JZHOYKgE #Newcomer #Immigrant #WelcomeCentre https://t.co/uyXHG0KCfg",2023-05-02 14:12:40+00:00,,,,en,#immigrant,2
1.65E+18,noheartnoglory,"From Ukraine to the US: Roman's Journey

#romanprokopchuk¬†#digitalsavage¬†#immigrant

https://t.co/tfCJx2RtoO",2023-05-02 14:11:08+00:00,,,,en,#immigrant,2
1.65E+18,BH_Visa,"Is your Visa or Permit expiring soon??ü§î

Contact us for application, submission support.

Email: info@billionhouse.co.za
#visa #immigration #immigrant https://t.co/kT2z3nWONd",2023-05-02 14:00:03+00:00,,,,en,#immigrant,2
1.65E+18,electricityHR,"Explore EHRC's strategies at our free webinar for retaining #newcomer talent by building relationships with #immigrant serving community organizations and learn more about the typical programs these organizations offer free for #employers. Sign up now:
https://t.co/1Osk9OsfhE https://t.co/1VJcHiCF4T",2023-05-02 13:30:00+00:00,,,,en,#immigrant,2
1.65E+18,MakerDaoNews,"The current price of one $MKR coin is: $689.88, -0.4264% change in the last hour, -1.40603% change in the last 24 hours.

24H Volume: $13,290,160.
Market Cap: $623,477,263.

#MKR #MakerDao",2023-05-03 20:13:16+00:00,,,,en,#mkr,2
1.65E+18,BezosCrypto,"#Bitcoin¬†TO $100,000 SOONER THAN YOU THINK‚ÄºÔ?è?üíØ

#Bitcoin¬†TO $100,000 WHETHER YOU BELIEVE OR NOT‚ÄºÔ?è?üíØ?üôè

$BKKT $CORZQ #StocksInFocus Linked to #BTC¬†¬†¬†¬†¬†¬†¬† 

#Bitcoin¬†#BTC #SHIB 
#HOGE #SAITAMA #BNB¬†#DOGE #ETH #BabyFloki #LTC #XRP #ADA #SOL #DASH #MATIC #MKR #AXS #ENJ #AltCoinSeason https://t.co/srvgv8Oeei",2023-05-03 19:45:43+00:00,,,,en,#mkr,2
1.65E+18,JAnotheroner,"Could be a thing to set some long orders on #MKR #mkrusdt at 540$-575$ range just in case... considering some floating little ones around this range also depending on the volatility. 

?üëÄ
!no advice! &amp; stay safe out there

#trading #crypto #CryptoTrading #tradelikeatree",2023-05-03 19:07:02+00:00,,,,en,#mkr,2
1.65E+18,wabibnb,"#WING $WING
BUY WING PUMP?üî•?üí£
#wingusdt #Bitcoin #BTC #Binance #kmd #rdtn $btc #t #wtc #tusd #eth #rif #id #bnx #cvp #arb #loom #arb #USDT #rlc #fxs #lqty #agix #kava #akro #vgx #syn #ctk #stg #mkr #cfx #iris #shib #doge #BNB #hft #torn #aergo #uft #op #tru #snm #Tether #edu #sui https://t.co/IAEzMeAERs",2023-05-03 16:28:13+00:00,,,,en,#mkr,2
1.65E+18,cryptolookapp,"‚ú® #MKR 
?üíµ Current Price: 685.0 
?üì± Look other coin infos with our app: https://t.co/vNpxF6rnmg https://t.co/cIGS0tl85J",2023-05-03 15:00:08+00:00,,,,en,#mkr,2
1.65E+18,AbalkK,"Unlike GMX or DYDX, FlashFlow allows users to trade directly from their self-custody wallets, providing complete control and security over their funds @flashfloworg
https://t.co/YT11mI6gSo
#YFI #MKR #COMP #AAVE #DAI #DPI #DOT #ADA #BSC $LINK $BAND $TRB $DIA $GRT",2023-05-03 13:02:41+00:00,,,,en,#mkr,2
1.65E+18,Trend22Maker,"Last Trade #Signal    
    
$ICX    76.79%
$BTC    94.62%
#DOGE    67.54%
#VET    5.38%
$XEM    59.14%
#GALA    27.33%
#AAVE    6.44%
$IOTA    4.82%
#AXS    86.34%
#MKR    0.69%
    
All Details on Bio  Total Profit   429.09%",2023-05-03 13:00:03+00:00,,,,en,#mkr,2
1.65E+18,EasyMoneySignal,"All objectives were achieved

+644.32%‚úÖ

#rad #edu #beta #pols #idex #sxp #wnxm #cryptocurrency #mdt #rlc #tvk #omg #snm #tru #rdnt #trading #mkr #fxs #bar #binance  #stx #btc #pnt #xmr #chz #magic #gtc https://t.co/tD9XAqRe1X",2023-05-03 12:20:20+00:00,,,,en,#mkr,2
1.65E+18,cryptogics,"MARKET OVERVIEW

TOP PROJECTS BY #TVL: #Lido $LDO #MakerDAO #MKR #Aave $AAVE #CurveDAO $CRV #Uniswap $UNI

TOP CHAINS BY #TVL: #Ethereum $ETH #BNBchain $BNB #Tron $TRX #Arbitrum $ARB #Avalanche $AVAX

TRENDING ASSETS: $PEPE $CGPT $ARB $ETH $APT $RDNT https://t.co/OhqXlY8yMd",2023-05-03 08:57:47+00:00,,,,en,#mkr,2
1.65E+18,cmx_markets,"?üìà In the Top 100 #cryptocurrencies by capitalization over the past day, the largest growth was shown by #Stacks (#STX) +12,67%.

?üìâ The largest dropdown among the top 100 over the past 24 hours was shown by #Maker (#MKR) -2,21%.",2023-05-03 07:06:50+00:00,,,,en,#mkr,2
1.65E+18,chartsguydotcom,#MKR tested one of our important support level and back above the weekly trendline if its hold next resistance is coming above. https://t.co/mqwKJ4uASq,2023-05-03 05:54:31+00:00,,,,en,#mkr,2
1.65E+18,Cryptomoonbtc,"Can #Wojak pull a #pepe 

‚Äî-&gt; may be a 10x on the way?

#altcoin #alt #bch #bnb¬†¬†¬†¬†¬†    #arrr #dot #ada #eos #wave #xrp #xlm #doge #usdt¬† #xrp #xlm #doge #uni #aave #xem #theta #vet #neo #grt #snx #ht #mkr #dash #egld #fil #ftt #sol #comp #sushi #dai #zec #NFTs https://t.co/LJwntkeWB0",2023-05-03 01:57:10+00:00,,,,en,#mkr,2
1.65E+18,todaviasiguen,No bc Dan and Steph should nooot win they can‚Äôt cook! #mkr,2023-05-03 00:43:43+00:00,,,,en,#mkr,2
1.65E+18,M3GAB0TDH,"#mkrusdt BUY DCA LONG LIMIT BUY 700.35 (-2.96 % 4.1 USD) #MKR $MKR #Maker [+4 8h ago,+4 25.7h ago,+4 41h ago,+4 44h ago,+4 45h ago,+4 47h ago] #cryptotrading https://t.co/3fyksWZ8H6",2023-05-02 22:38:09+00:00,,,,en,#mkr,2
1.65E+18,CielCommunity,"?üöÄ Soar to new DeFi heights with #MKR rewards from @CielProtocol! Dive into MakerDAO's MKR tokens and support decentralized finance. Share, retweet, and join our Discord community for more MKR excitement! ?üî• #Ethereum #DeFi #Crypto #MakerDAO $MKR @MakerDAO",2023-05-02 22:00:00+00:00,,,,en,#mkr,2
1.65E+18,PushonDar,"Unlike GMX or DYDX, FlashFlow allows users to trade directly from their self-custody wallets, providing complete control and security over their funds @flashfloworg
https://t.co/gRrMF0KOee
#YFI #MKR #COMP #AAVE #DAI #DPI #DOT #ADA #BSC $LINK $BAND $TRB $DIA $GRT",2023-05-02 21:57:49+00:00,,,,en,#mkr,2
1.65E+18,BezosCrypto,"#Bitcoin TO $100,000 SOONER THAN YOU THINK‚ÄºÔ?è?üíØ

#Bitcoin TO $100,000 WHETHER YOU BELIEVE OR NOT‚ÄºÔ?è?üíØ?üôè

$BKKT $CORZQ #StocksInFocus Linked to #BTC¬†¬†¬†¬†¬†¬† 

#Bitcoin¬†#BTC #SHIB 
#HOGE #SAITAMA #BNB¬†#DOGE #ETH #BabyFloki #LTC #XRP #ADA #SOL #DASH #MATIC #MKR #AXS #ENJ #AltCoinSeason https://t.co/pzMBBUgCAC",2023-05-02 19:30:45+00:00,,,,en,#mkr,2
1.65E+18,crypto_talkies,(2/3)   DAO(#CULT) Baby Doge Coin(#BABYDOGE) Render Token(#RNDR) MakerDAO(#MKR) Hedera Hashgraph(#HBAR) Stacks(#STX) Frax Share(#FXS) THORChain(#RUNE) Elrond(#EGLD) Vulcan Forged(#PYR) Chiliz(#CHZ) NEAR Protocol(#NEAR) Cosmos(#ATOM),2023-05-02 18:00:09+00:00,,,,en,#mkr,2
1.65E+18,M3GAB0TDH,"#mkrusdt BUY DCA LONG LIMIT BUY 706.32 (-2.01 % 4.1 USD) #MKR $MKR #Maker [+4 18h ago,+4 33h ago,+4 36h ago,+4 37h ago,+4 39h ago,+4 44h ago] #cryptotrading https://t.co/M6FJW3vbZL",2023-05-02 14:57:46+00:00,,,,en,#mkr,2
1.65E+18,aorabi85,"Track where the buyers are going on #ALTCOINS with https://t.co/LRb24FEYMt so you can jump in before everyone else #cryptoscanner

#BTC #ETH #CRO #FXS #BCH #CFX #USDD #LTC #LEO #QNT #MKR #XMR #STX #GT #OKB #BUSD #USDP #USDC #USDT #DAI https://t.co/9TICLZrKR7",2023-05-02 14:05:13+00:00,,,,en,#mkr,2
1.65E+18,dvor_tan,"I've found the best asset to be pumped! #UltimaEcosystem is ready to release its own exchange + Ultima Cashback and Ultima Travel. The next few months it will fly as it will be even more scarce then $BTC. Also no VCs dumping
https://t.co/kBK0lxU1p3

#YFI #MKR #COMP #AAVE #DAI https://t.co/UmxAQ0q7A8",2023-05-02 14:01:22+00:00,,,,en,#mkr,2
1.65E+18,oracleeasy,"#KuCoin:
$MKR  USDT #Sell or #Short NOW‚Äº
?üêÇ 8.96%  ?üêª 91.04%
‚úã?üõë StopLoss: 708.8986
?üéØ 704.724
?üéØ 700.5494
#MKR #cryptotrading #cryptos #altcoins #cryptocurrencies
Not financial advice. Do your own research.",2023-05-02 14:01:06+00:00,,,,en,#mkr,2
1.65E+18,csai_toptraders,"‚úÖ Trade closed:

Trader: Anonymous User-8d4047
Position: SHORT‚ÜòÔ?è #MKRUSDT
Leverage: 10x
Entry Price: $723.09
Exit price: $704.31
Profit: $3.16k

Detail: https://t.co/SbZB8pkZcD

#MKR $MKR #toptrader #alert #coinscreener",2023-05-02 13:38:15+00:00,,,,en,#mkr,2
1.65E+18,CryptoStarsApp,"Daily Trending Coins:
#CRO - Cronos gained 2.9%
#BCH - Bitcoin Cash gained 1.1%
#STX - Stacks gained 1.1%
#XMR - Monero gained 0.9%
#LTC - Litecoin gained 0.8%
#USDD - USDD gained 0.8%
#MKR - Maker gained 0.7%
#LEO - UNUS SED LEO gained 0.7%
#Altcoins #ToTheMoon https://t.co/2HaJ1TZv4V",2023-05-02 13:10:15+00:00,,,,en,#mkr,2
1.65E+18,LenBelin,"Unlike GMX or DYDX, FlashFlow allows users to trade directly from their self-custody wallets, providing complete control and security over their funds @flashfloworg
https://t.co/Fi1Tc7E9Qe
#YFI #MKR #COMP #AAVE #DAI #DPI #DOT #ADA #BSC $LINK $BAND $TRB $DIA $GRT",2023-05-02 12:38:34+00:00,,,,en,#mkr,2
1.65E+18,TradeMasters_SW,"""#MKR has hit the trend line again, the identified support can cause the trend line to break this time‚ú®

#TradingIdea"" More in TG: https://t.co/UCzLoCmxrY https://t.co/T7iqbB7wXx",2023-05-02 12:23:57+00:00,,,,en,#mkr,2
1.65E+18,aorabi85,"#ALTCOINS are going up! Use https://t.co/LRb24FEYMt to find where CRYPTO MONEY is moving. Find coins with HIGH buyer % and moving in PRICE!

#BTC #ETH #CRO #BCH #MKR #CHZ #XMR #LTC #FXS #USDD #CFX #LEO #STX #QNT #GT #OKB #EOS #USDP #XDC #PAXG https://t.co/aFxXAgJ4D1",2023-05-02 12:05:41+00:00,,,,en,#mkr,2
1.65E+18,crypto_guru_1,"Shorted MKR for VIP members ?ü•Ç

?üëâ Signals posted on free channel aren't available, need VIP subscription to enter in at right time.

Binance Futures
#MKR/#USDT Take-Profit target 1 ‚úÖ
Profit: 60.3567% ?üìà
Period: 2 Hours 59 Minutes ‚è? https://t.co/MRQR977MNF",2023-05-02 11:26:00+00:00,,,,en,#mkr,2
1.65E+18,cryptogics,"MARKET OVERVIEW

TOP PROJECTS BY #TVL: #Lido $LDO #MakerDAO #MKR #Aave $AAVE #CurveDAO $CRV #Uniswap $UNI

TOP CHAINS BY #TVL: #Ethereum $ETH #BNBchain $BNB #Tron $TRX #Arbitrum $ARB #Avalanche $AVAX

TRENDING ASSETS: $PEPE $CGPT $ARB $BTC $ZPAY $TOMI https://t.co/GjZn56K31t",2023-05-02 10:56:01+00:00,,,,en,#mkr,2
1.65E+18,CoinSwitch,"Top gainers in last 24 hrs ?üìà

#SXP - 9.68% ‚¨ÜÔ?è
#RLC - 6.00% ‚¨ÜÔ?è
#OMG - 3.59% ‚¨ÜÔ?è
#UMA - 3.26% ‚¨ÜÔ?è
#MKR - 2.37% ‚¨ÜÔ?è",2023-05-02 10:07:47+00:00,,,,en,#mkr,2
1.65E+18,aorabi85,"Track where the buyers are going on #ALTCOINS with https://t.co/LRb24FEYMt so you can jump in before everyone else #cryptoscanner

#BTC #ETH #MKR #CRO #FXS #XMR #USDD #STX #LTC #CHZ #XDC #BCH #OKB #LEO #GUSD #EOS #PAXG #USDC #DAI #USDT https://t.co/YYyIcU2Qoa",2023-05-02 10:06:42+00:00,,,,en,#mkr,2
1.65E+18,CryptoTreeMap,"https://t.co/t6kVcSK6IH

Crypto market:
$USDD +2.84% ?üìà
$GUSD +1.76% ?üìà
$MKR +1.67% ?üìà
$FXS +1.42% ?üìà

$PEPE -12.29% ?üìâ
$RNDR -11.42% ?üìâ

#USDD #GUSD #MKR #FXS #PEPE #RNDR #Bitcoin #Ethereum #crypto #NFT #META #web3 https://t.co/xF80a36PPm",2023-05-02 10:00:02+00:00,,,,en,#mkr,2
1.65E+18,larrylarryguy1,"Damn! I'm pretty happy that the project being talked about in this thread is becoming more and more well known :D

#BTC #ETH #MATIC #DOT #MKR #ETC https://t.co/DmIbxIEhv9",2023-05-02 09:47:09+00:00,,,,en,#mkr,2
1.65E+18,crypto_guru_1,"The 6 th long flying for us!

Binance Futures
#MKR/#USDT Take-Profit target 1 ‚úÖ
Profit: 106.9042% ?üìà
Period: 57 Minutes ‚è?",2023-05-02 09:38:16+00:00,,,,en,#mkr,2
1.65E+18,HassanBuzdar47,"Printing ?ü§ë
@binance 
#Binance 
#mkr 
#BTC 
#Cryptocurrency https://t.co/M3lt15ezLL",2023-05-02 08:32:15+00:00,,,,en,#mkr,2
1.65E+18,Expert_Trader_D,"#MKR has hit the trend line again, the identified support can cause the trend line to break this time‚ú® https://t.co/degO58ARfH https://t.co/Tue8XakwDw",2023-05-02 08:20:52+00:00,,,,en,#mkr,2
1.65E+18,aorabi85,"#ALTCOINS and #BITCOIN are making a comeback. Use Cryptolume's advanced #cryptoscreener to catch quick opportunities

#BTC #ETH #MKR #FXS #CRO #CHZ #STX #EOS #XMR #USDD #LEO #GUSD #BCH #TRX #XDC #OKB #LTC #PAXG #DAI #USDC https://t.co/SFHcnoUDLL",2023-05-02 08:05:08+00:00,,,,en,#mkr,2
1.65E+18,CryptoTreeMap,"https://t.co/t6kVcSK6IH

Crypto market:
$PEPE +24.4% ?üöÄ
$MKR +2.97% ?üìà
$USDD +2.94% ?üìà
$FXS +2.5% ?üìà

$RNDR -10.35% ?üìâ
$KAS -7.97% ?üìâ

#PEPE #MKR #USDD #FXS #RNDR #KAS #Bitcoin #Ethereum #crypto #NFT #META #web3 https://t.co/EGmk6F4v5J",2023-05-02 08:00:02+00:00,,,,en,#mkr,2
1.65E+18,CoinEdition,"The Explosive?üî•Growth of #Today's Top Performing #Crypto, according to #CoinMarketCap.  

#CoinEdition #topgainers #makers #Frax #Rocket #Chiliz #USDD #MKR #FXS #RPL #CHZ ?üêÇ https://t.co/gfFEa5Uwlh",2023-05-02 06:27:59+00:00,,,,en,#mkr,2
1.65E+18,cryptohopper,"What a morning for #PEPE ?üöÄ

?ü•á @_pepecoineth #PEPE
?ü•à @MakerDAO #MKR
?ü•â @frax_share #FXS https://t.co/U3NkvxHyWv",2023-05-02 06:18:17+00:00,,,,en,#mkr,2
1.65E+18,aorabi85,"#ALTCOINS and #BITCOIN are making a comeback. Use Cryptolume's advanced #cryptoscreener to catch quick opportunities

#BTC #ETH #MKR #FXS #RPL #CHZ #USDD #LEO #XMR #TRX #BCH #USDC #PAXG #USDT #THETA #GUSD #BUSD #DAI #GT #XRP https://t.co/0mWX4qkENp",2023-05-02 06:06:08+00:00,,,,en,#mkr,2
1.65E+18,ShareCheck,"#Crypto #MKR - The Maker price is currently $710.35 with a 24-hour trading volume of $59.31M across 84 exchanges. The MKR price is up 3.11% in the last 24 hours. The Maker price prediction sentiment is currently bearish.
https://t.co/Y0a9utLz8O",2023-05-02 06:05:46+00:00,,,,en,#mkr,2
1.65E+18,CryptoTreeMap,"https://t.co/t6kVcSK6IH

Crypto market:
$PEPE +24.5% ?üöÄ
$MKR +3.49% ?üìà
$USDD +3.07% ?üìà
$FXS +2.96% ?üìà

$RNDR -11.13% ?üìâ
$KAS -9.23% ?üìâ

#PEPE #MKR #USDD #FXS #RNDR #KAS #Bitcoin #Ethereum #crypto #NFT #META #web3 https://t.co/K6FibTEavm",2023-05-02 06:00:02+00:00,,,,en,#mkr,2
1.65E+18,saleswallet,"#CoinsOfDay   Top 10       
Follow : @saleswallet
Source: @LunarCrush

1-#PEPE  $PEPE
2-#UMA $UMA
3-#CULT $CULT
4-#XRP $XRP
5-#DINO $DINO
6-#CHZ $CHZ
7-#XMR   $XMR
8-#GTC $GTC
9-#OAX $OAX
10-#MKR $MKR https://t.co/RiRsh9qSW4",2023-05-02 05:56:31+00:00,,,,en,#mkr,2
1.65E+18,CryptoLeeY,"$MKR
High chances to break the liquidity absorbing zone. There might some reasons for pump?üìà:

‚ñ´Ô?èPrice is above the golden zone of fib.?ü§î
‚ñ´Ô?èPrice broke the 55ema and retested on it.?üòå
‚ñ´Ô?èPrice getting rejection from breaking the red zone, orders are filling‚úÖ #MKR #BTC https://t.co/kj0laxiRRA",2023-05-02 05:18:42+00:00,,,,en,#mkr,2
1.65E+18,giottus,"#Giottus's Market Update 02/05/2023 10.30 AM IST
(24 Hours) ?üìä

#BTC      -2.12% 
#Ethereum -1.17%    

?üí™ Gainers:- 
#MKR +3.11%
#FXS   +2.18%

?üëé Losers:- 
#RNDR    -11.12%
#EGLD -7.51%

#CryptocurrencyNews #Crypto #cryptomarket #giottus #CryptoTwitter $BTC $ETH $BNB https://t.co/eOE8ZwcA4Z",2023-05-02 04:59:35+00:00,,,,en,#mkr,2
1.65E+18,mithialdj,Now LINK long?üöÄ?üöÄ  $250 coming  ?üí™ ‚ù§Ô?è?üöÄ?üöÄ?üöÄ $link #Chainlink #MKR #LTC #AAVE #COMP #Dash #GMX #OKB‚ÄØ‚ÄØ‚ÄØ #BTC‚ÄØ‚ÄØ‚ÄØ‚ÄØ‚ÄØ‚ÄØ‚ÄØ‚ÄØ‚ÄØ #LINK #ETC #APT #KCS #DOT #ICP #Filecoin #HT #LEO #TON  #LDO #OP #Metaverse #NFT #NFTs #altcoin #altcoins #gems #1000xgem #100xgem #BNBChain #Billions https://t.co/Aoz0ITpZ6C,2023-05-02 04:59:13+00:00,,,,en,#mkr,2
1.65E+18,Crypto_Bullsss,"#MKR is sitting at support in daily timeframe &amp; looking good to accumulate at this zone, can see parabolic upside move from this level ?üî•?üöÄ https://t.co/2pwHWk8Xew",2023-05-02 04:25:06+00:00,,,,en,#mkr,2
1.65E+18,aorabi85,"#CRYPTOCURRENCIES are MOVING! Try https://t.co/LRb24FEYMt to scan for massive trade opportunities with our #cryptoscreener

#BTC #ETH #MKR #FXS #RPL #CHZ #USDD #INJ #THETA #KAVA #TRX #LEO #XMR #PAXG #DOGE #DAI #USDC #USDT #BUSD #EOS https://t.co/AB93r19W0I",2023-05-02 04:05:08+00:00,,,,en,#mkr,2
1.65E+18,CryptoTreeMap,"https://t.co/t6kVcSK6IH

Crypto market:
$PEPE +65.63% ?üöÄ
$MKR +3.39% ?üìà
$USDD +3.01% ?üìà
$FXS +2.61% ?üìà

$KAS -9.97% ?üìâ
$ICP -8.51% ?üìâ

#PEPE #MKR #USDD #FXS #KAS #ICP #Bitcoin #Ethereum #crypto #NFT #META #web3 https://t.co/yeIiLc6bxk",2023-05-02 04:00:02+00:00,,,,en,#mkr,2
1.65E+18,CurrencyRush,"?üìàBiggest #Cryptocurrency Gainers (among top 250 coins last 24h):
#PEPE: +64.1%?üî•?üî•?üî•?üî•?üî•
#LN: +8.8%
#POLY: +3.8%
#MKR: +3.5%
#FXS: +2.8%

?üìâBiggest Losers:
#KAS: -10.1%
#BLUR: -9.0%
#ICP: -8.3%
#RNDR: -7.9%
#EGLD: -7.8%
SEE MORE https://t.co/qS4I9hyFOD",2023-05-02 03:56:00+00:00,,,,en,#mkr,2
1.65E+18,aorabi85,"Track where the buyers are going on #ALTCOINS with https://t.co/LRb24FEYMt so you can jump in before everyone else #cryptoscanner

#BTC #ETH #MKR #CHZ #RPL #FXS #THETA #INJ #TRX #USDD #WOO #BCH #EOS #XMR #DOGE #PAXG #GUSD #USDC #USDT #DAI https://t.co/FG0H9cHyqS",2023-05-02 02:05:08+00:00,,,,en,#mkr,2
1.65E+18,CryptoTreeMap,"https://t.co/t6kVcSK6IH

Crypto market:
$PEPE +72.44% ?üöÄ
$MKR +2.51% ?üìà
$CHZ +2.35% ?üìà
$USDD +1.97% ?üìà

$RNDR -11.29% ?üìâ
$ICP -10.27% ?üìâ

#PEPE #MKR #CHZ #USDD #RNDR #ICP #Bitcoin #Ethereum #crypto #NFT #META #web3 https://t.co/mMue9UYysq",2023-05-02 02:01:03+00:00,,,,en,#mkr,2
1.65E+18,aorabi85,"#ALTCOINS and #BITCOIN are making a comeback. Use Cryptolume's advanced #cryptoscreener to catch quick opportunities

#BTC #ETH #TRX #MKR #CHZ #INJ #USDD #LEO #FXS #WOO #EGLD #USDP #DAI #USDC #USDT #BUSD #TUSD #RPL #PAXG #THETA https://t.co/1GgKiv1e80",2023-05-02 00:06:20+00:00,,,,en,#mkr,2
1.65E+18,Trend22Maker,"Last Trade #Signal    
    
$RLC    12.34%
$LINK    97.06%
#CVX    90.88%
$FTT    12.19%
$BAT    18.27%
$FTT    79.96%
$PEOPLE    70.20%
#MKR    1.83%
$NEAR    80.99%
$MATIC    72.59%
    
All Details on Bio  Total Profit   536.29%",2023-05-02 00:00:02+00:00,,,,en,#mkr,2
1.65E+18,AQuantSearch,"Top #cryptos performers of the day: 
#TOMO       5.84%
#TRX       1.35%
#MKR       1.15%
#UNFI       1.00%
#CHZ       0.87%
#PEOPLE       0.74%
#EGLD       0.72%
#RLC      -0.86%
#YFII      -1.02%
#OMG      -1.04%
#THETA      -1.11%
#IOTX      -1.29%",2023-05-01 23:50:07+00:00,,,,en,#mkr,2
1.65E+18,DanDoraN32,"Unlike GMX or DYDX, FlashFlow allows users to trade directly from their self-custody wallets, providing complete control and security over their funds @flashfloworg
https://t.co/E2PHIiwgBl
#YFI #MKR #COMP #AAVE #DAI #DPI #DOT #ADA #BSC $LINK $BAND $TRB $DIA $GRT",2023-05-01 23:19:11+00:00,,,,en,#mkr,2
1.65E+18,aorabi85,"#ALTCOINS are going up! Use https://t.co/LRb24FEYMt to find where CRYPTO MONEY is moving. Find coins with HIGH buyer % and moving in PRICE!

#BTC #ETH #WOO #TRX #USDD #LEO #MKR #EGLD #CHZ #USDC #DAI #USDT #BUSD #TUSD #PAXG #USDP #INJ #GUSD #RPL #FXS https://t.co/b2oFVW1mMh",2023-05-01 22:06:28+00:00,,,,en,#mkr,2
1.65E+18,DyorTool,"?üì? Big news for #MKR traders!
A momentum change has been detected at 698.6 on a 15min candle chart.
$MKR is now in long territory! ?üí™
  
Follow @DyorTool for more insights. https://t.co/231FERRZiI",2023-05-01 22:02:20+00:00,,,,en,#mkr,2
1.65E+18,CielCommunity,"?üèóÔ?è Build your DeFi portfolio with #MKR rewards from @CielProtocol! Choose MakerDAO's MKR tokens and join the decentralized finance movement. Share, retweet, and discuss with fellow MakerDAO fans on our Discord! ?üí• #Ethereum #DeFi #Crypto #MakerDAO $MKR @MakerDAO",2023-05-01 22:00:00+00:00,,,,en,#mkr,2
1.65E+18,DyorTool,"?üßê Keep a close watch on #MKR - a momentum shift is happening at 695.1 on a 15min candle chart.
?üí™ $MKR is now short territory!
  
 Follow @DyorTool https://t.co/j8l9QajygI",2023-05-01 21:04:16+00:00,,,,en,#mkr,2
1.65E+18,M3GAB0TDH,"#mkrusdt BUY DCA LONG LIMIT BUY 700.14 (-3.21 % 4.1 USD) #MKR $MKR #Maker [+4 15h ago,+4 18h ago,+4 19h ago,+4 21h ago,+4 25.7h ago,+4 26.8h ago] #cryptotrading https://t.co/UyLxMBsiPl",2023-05-01 20:55:18+00:00,,,,en,#mkr,2
1.65E+18,DyorTool,"?üåü Something BIG is happening with #MKR!
At 699.1, a momentum change occurred on a 15min candle chart.
$MKR is now riding the long wave! ?üåä
  
Follow @DyorTool for more. https://t.co/FJfOh8wTIb",2023-05-01 20:46:56+00:00,,,,en,#mkr,2
1.65E+18,mithialdj,Now LINK long?üöÄ?üöÄ  $250 ?üí™ ‚ù§Ô?è?üöÄ?üöÄ?üöÄ $link #Chainlink #MKR #LTC #AAVE #COMP #Dash #GMX #OKB #BTC‚ÄØ‚ÄØ‚ÄØ‚ÄØ‚ÄØ‚ÄØ #LINK #ETC #APT #KCS #DOT #ICP #Filecoin #HT #LEO #TON  #LDO #OP #Metaverse #NFT #NFTs #altcoin #altcoins #gems #1000xgem #100xgem #BNBChain #Billions https://t.co/2xWB71tonY,2023-05-01 20:22:27+00:00,,,,en,#mkr,2
1.65E+18,aorabi85,"#CRYPTO is shooting up! Use https://t.co/LRb24FEYMt to find where COINS are moving. Track crypto with HIGH buyers and moving in PRICE!

#BTC #ETH #TRX #USDD #EGLD #USDC #DAI #CHZ #USDT #BUSD #WOO #TUSD #MKR #LEO #PAXG #TON #USDP #GUSD #RPL #EOS https://t.co/uAN2fmAikL",2023-05-01 20:06:40+00:00,,,,en,#mkr,2
1.65E+18,DyorTool,"?üì¢ BREAKING: #MKR momentum shift detected at 698.9 on a 15min candle chart!
Market strength is short for $MKR! ?üöÄ
  
Follow @DyorTool for continuous updates. https://t.co/3VDdC7spLW",2023-05-01 18:17:14+00:00,,,,en,#mkr,2
1.65E+18,aorabi85,"#ALTCOINS are going up! Use https://t.co/LRb24FEYMt to find where CRYPTO MONEY is moving. Find coins with HIGH buyer % and moving in PRICE!

#BTC #ETH #USDD #TRX #CHZ #BTT #DAI #USDC #TUSD #USDT #BUSD #MKR #PAXG #LEO #EGLD #RPL #BNB #USDP #CSPR #TON https://t.co/5YxVBimCi6",2023-05-01 18:06:08+00:00,,,,en,#mkr,2
1.65E+18,MakerDaoNews,"The current price of one $MKR coin is: $701.33, -0.19827% change in the last hour, -0.54391% change in the last 24 hours.

24H Volume: $18,130,123.
Market Cap: $632,045,201.

#MKR #MakerDao",2023-05-01 17:14:14+00:00,,,,en,#mkr,2
1.65E+18,protradersdct,what do you think are they going to repeat? #MKR #altcoins #crypto #BTC #Etherum #avax #BNB #long #trade #SwingTrading https://t.co/twVDPwg9Ng,2023-05-01 17:10:55+00:00,,,,en,#mkr,2
1.65E+18,aorabi85,"Track where the buyers are going on #ALTCOINS with https://t.co/LRb24FEYMt so you can jump in before everyone else #cryptoscanner

#BTC #ETH #BNB #TRX #BTT #USDD #TUSD #CSPR #USDC #USDT #BUSD #DAI #MKR #LEO #RPL #CHZ #PAXG #TON #EGLD #GUSD https://t.co/EYmwsf5DfW",2023-05-01 16:05:40+00:00,,,,en,#mkr,2
1.65E+18,mithialdj,Now LINK long?üöÄ?üöÄ  $250 coming  ?üí™ ‚ù§Ô?è?üöÄ?üöÄ?üöÄ $link #Chainlink #MKR #LTC #AAVE #COMP #Dash #GMX #OKB #BTC‚ÄØ‚ÄØ‚ÄØ‚ÄØ‚ÄØ‚ÄØ #LINK #ETC #APT #KCS #DOT #ICP #Filecoin #HT #LEO #TON  #LDO #OP #Metaverse #NFT #NFTs #altcoin #altcoins #gems #1000xgem #100xgem #BNBChain #Billions https://t.co/PlqfEV1pkO,2023-05-01 15:50:28+00:00,,,,en,#mkr,2
1.65E+18,CilonoK,"The most hyped app next month gonna be @UltimaEcosystem Download app now and pre order pre-paid VISA card! 
PS native token airdrop is rumored for early users #UltimaEcosystem
https://t.co/aBRxjzq9ws

#YFI #MKR #COMP #AAVE #DAI #DPI #DOT #ADA #BSC $LINK $BAND $TRB $DIA",2023-05-01 15:29:11+00:00,,,,en,#mkr,2
1.65E+18,crypto_guru_1,"Caught this 3 shorts for you!

Binance Futures
#MKR/#USDT Take-Profit target 2 ‚úÖ
Profit: 91.4962% ?üìà
Period: 1 Days 19 Hours 2 Minutes ‚è? https://t.co/izOAiGRGbu",2023-05-01 15:27:55+00:00,,,,en,#mkr,2
1.65E+18,MakerDaoNews,"The current price of one $MKR coin is: $700.92, -0.05019% change in the last hour, +0.19575% change in the last 24 hours.

24H Volume: $17,193,898.
Market Cap: $631,362,042.

#MKR #MakerDao",2023-05-01 15:12:52+00:00,,,,en,#mkr,2
1.65E+18,bitone_great,"?üìâ#Sell!?üìâ
?üî•RSI over 85!?üî•
[#Bybit]
?üëá Recommendation: #Short
?üìäTicker: #MKRUSDT?üìä
30-minute Candle
Last Price: 704.0
RSI: 93.9

?üî•Powered by #ChatGPT?üî•

$MKR
#MKR
#„Éê„Ç§„Éì„ÉÉ„Éà
#Î?îÏù¥Î?ÑÌä? https://t.co/sGxFBtaeN6",2023-05-01 15:02:10+00:00,,,,en,#mkr,2
1.65E+18,crypto_guru_1,"It is all this small profis that make you reach your goals ?ü§ù?ü•Ç

Binance Futures
#MKR/#USDT Take-Profit target 1 ‚úÖ
Profit: 41.0811% ?üìà
Period: 44 Minutes ‚è? https://t.co/oXlJFpk8Tj",2023-05-01 14:46:10+00:00,,,,en,#mkr,2
1.65E+18,MakerDaoNews,"The current price of one $MKR coin is: $700.2, -0.08808% change in the last hour, +0.18473% change in the last 24 hours.

24H Volume: $16,823,649.
Market Cap: $630,916,947.

#MKR #MakerDao",2023-05-01 14:14:33+00:00,,,,en,#mkr,2
1.65E+18,aorabi85,"#CRYPTO is shooting up! Use https://t.co/LRb24FEYMt to find where COINS are moving. Track crypto with HIGH buyers and moving in PRICE!

#BTC #ETH #BNB #WOO #CSPR #TRX #BTT #INJ #TUSD #LEO #USDD #USDC #PAXG #GUSD #MKR #DAI #USDT #RPL #BUSD #USDP https://t.co/PTaDiONqRM",2023-05-01 14:06:18+00:00,,,,en,#mkr,2
1.65E+18,bitone_great,"?üìâ#Sell!?üìâ
?üî•RSI over 85!?üî•
[#Bybit]
?üëá Recommendation: #Short
?üìäTicker: #MKRUSDT?üìä
30-minute Candle
Last Price: 700.0
RSI: 87.6

?üî•Powered by #ChatGPT?üî•

$MKR
#MKR
#„Éê„Ç§„Éì„ÉÉ„Éà
#Î?îÏù¥Î?ÑÌä? https://t.co/4xOvQ1m352",2023-05-01 13:27:30+00:00,,,,en,#mkr,2
1.65E+18,MakerDaoNews,"The current price of one $MKR coin is: $700.43, +0.33346% change in the last hour, -0.35461% change in the last 24 hours.

24H Volume: $17,323,146.
Market Cap: $631,132,373.

#MKR #MakerDao",2023-05-01 13:25:48+00:00,,,,en,#mkr,2
1.65E+18,bitone_great,"?üìâ#Sell!?üìâ
?üî•RSI over 85!?üî•
[#Bybit]
?üëá Recommendation: #Short
?üìäTicker: #MKRUSDT?üìä
30-minute Candle
Last Price: 701.0
RSI: 88.7

?üî•Powered by #ChatGPT?üî•

$MKR
#MKR
#„Éê„Ç§„Éì„ÉÉ„Éà
#Î?îÏù¥Î?ÑÌä? https://t.co/XixvpLaGoj",2023-05-01 12:40:23+00:00,,,,en,#mkr,2
1.65E+18,BunoPav,"Unlike GMX or DYDX, FlashFlow allows users to trade directly from their self-custody wallets, providing complete control and security over their funds @flashfloworg
https://t.co/eA5PUHfXWt
#YFI #MKR #COMP #AAVE #DAI #DPI #DOT #ADA #BSC $LINK $BAND $TRB $DIA $GRT",2023-05-01 12:32:20+00:00,,,,en,#mkr,2
1.65E+18,MakerDaoNews,"The current price of one $MKR coin is: $694.97, +0.04895% change in the last hour, -1.26871% change in the last 24 hours.

24H Volume: $16,703,773.
Market Cap: $625,372,539.

#MKR #MakerDao",2023-05-01 12:02:23+00:00,,,,en,#mkr,2
1.65E+18,bitone_great,"?üìâ#Sell!?üìâ
?üî•RSI over 85!?üî•
[#Bybit]
?üëá Recommendation: #Short
?üìäTicker: #MKRUSDT?üìä
30-minute Candle
Last Price: 698.5
RSI: 90.7

?üî•Powered by #ChatGPT?üî•

$MKR
#MKR
#„Éê„Ç§„Éì„ÉÉ„Éà
#Î?îÏù¥Î?ÑÌä? https://t.co/SXHYe9EgGB",2023-05-01 11:53:26+00:00,,,,en,#mkr,2
1.65E+18,crypto_guru_1,"Welcome new members, heres a summary of how I trade and if it suits you feel free to follow me #Top_wins 

Binance Futures
#MKR/#USDT Take-Profit target 3 ‚úÖ
Profit: 243.5392% ?üìà
Period: 2 Days 16 Hours 41 Minutes ‚è?",2023-05-01 11:29:50+00:00,,,,en,#mkr,2
1.65E+18,MakerDaoNews,"In the past 24 hours, $MKR has gained 4 new holders. The total number of $MKR holders is now 94,778. 
#MKR #MakerDao @MakerDAO
https://t.co/CMB7HE587H",2023-05-01 11:21:40+00:00,,,,en,#mkr,2
1.65E+18,crypto_guru_1,"Another day another breakout ?ü§ë

Binance Futures
#MKR/#USDT Take-Profit target 1 ‚úÖ
Profit: 86.728% ?üìà
Period: 21 Hours 4 Minutes ‚è? https://t.co/W3YDsZRiy4",2023-05-01 11:20:53+00:00,,,,en,#mkr,2
1.65E+18,MakerDaoNews,"The current price of one $MKR coin is: $693.37, +0.26701% change in the last hour, -1.78181% change in the last 24 hours.

24H Volume: $16,483,419.
Market Cap: $624,785,344.

#MKR #MakerDao",2023-05-01 10:35:58+00:00,,,,en,#mkr,2
1.65E+18,MakerDaoNews,"In the past one month, $MKR has gained 865 new holders. The total number of $MKR holders is now 94,778. 
#MKR #MakerDao @MakerDAO
https://t.co/CMB7HE587H",2023-05-01 09:54:58+00:00,,,,en,#mkr,2
1.65E+18,Trend22Maker,"Last Trade #Signal    
    
$SHIB    23.17%
$APE    69.48%
$LINK    81.59%
#REN    72.49%
$GRT    18.03%
#MKR    72.69%
#IOTX    54.96%
#BAT    69.30%
$RSR    33.35%
#PHB    54.77%
    
All Details on Bio  Total Profit   549.82%",2023-05-01 09:30:02+00:00,,,,en,#mkr,2
